Workbook

Sheet Realised Conversions
A1: New_Id | B1: Status | C1: Followup_owner | D1: Date | E1: Date Clean | F1: Lead Source | G1: FTD | H1: Weightage | I1: Day Status
A2: M148590 | B2: Old Portal_1YT | C2: alina@nexora.live | D2: 46226.743 | E2: =INT(D2) -> 46226 | F2: MAIN WEBSITE (HOT) | G2: =_xlfn.XLOOKUP(A2,FTD!A:A,FTD!C:C) -> 1000 | H2: {=_xlfn.LET( _xlpm.s, TRIM(F2), _xlpm.p, _xlfn.LAMBDA(_xlpm.x, LEFT(_xlpm.s, LEN(_xlpm.x)) = _xlpm.x), _xlfn.IFS( _xlpm.p("meta6"), 1, _xlpm.p("meta"), 3, _xlpm.p("ref"), 3, OR(_xlpm.p("telegram"), _xlpm.p("instagram"), _xlpm.p("stock meme"), _xlpm.p("gx")), 2, OR(_xlpm.p("application"), _xlpm.p("main website"), _xlpm.p("direct (hot)"), _xlpm.p("sunil"), _xlpm.p("prs"), _xlpm.p("invst (hot)")), 1, TRUE, 2 ) )} -> 1 | I2: =_xlfn.XLOOKUP(E2,Calendar!C:C,Calendar!B:B) -> Working Day | M2: Date Clean | N2: Followup_owner | O2: Day Status | P2: Conversions | Q2: Pool
A3: A150877 | B3: Old Portal_1YT | C3: deepa.negi@nexora.live | D3: 46231.493 | E3: =INT(D3) -> 46231 | F3: Referral (HOT) | G3: =_xlfn.XLOOKUP(A3,FTD!A:A,FTD!C:C) -> 2000 | H3: {=_xlfn.LET( _xlpm.s, TRIM(F3), _xlpm.p, _xlfn.LAMBDA(_xlpm.x, LEFT(_xlpm.s, LEN(_xlpm.x)) = _xlpm.x), _xlfn.IFS( _xlpm.p("meta6"), 1, _xlpm.p("meta"), 3, _xlpm.p("ref"), 3, OR(_xlpm.p("telegram"), _xlpm.p("instagram"), _xlpm.p("stock meme"), _xlpm.p("gx")), 2, OR(_xlpm.p("application"), _xlpm.p("main website"), _xlpm.p("direct (hot)"), _xlpm.p("sunil"), _xlpm.p("prs"), _xlpm.p("invst (hot)")), 1, TRUE, 2 ) )} -> 3 | I3: =_xlfn.XLOOKUP(E3,Calendar!C:C,Calendar!B:B) -> Working Day | M3: 46204 | N3: aamir@nexora.live | O3: Working Day | P3: 2 | Q3: =_xlfn.XLOOKUP(N3,Attendance!F:F,Attendance!J:J) -> Dialer | R3: =_xlfn.LET( _xlpm.pool, IFERROR(Q3&"", ""), _xlpm.conv, IFERROR(--P3, 0), _xlpm.mkt, O4="Working Day", IF(_xlpm.pool="1", IF(_xlpm.mkt, IF(_xlpm.conv>=12,700,IF(_xlpm.conv>=8,300,0)), IF(_xlpm.conv>=7,700,IF(_xlpm.conv>=4,300,0))), IF(_xlpm.pool="Meta", IF(_xlpm.mkt, IF(_xlpm.conv>=6,700,IF(_xlpm.conv>=4,400,0)), IF(_xlpm.conv>=4,700,IF(_xlpm.conv>=3,400,0))), IF(_xlpm.mkt, IF(_xlpm.conv>=5,700,IF(_xlpm.conv>=3,500,0)), IF(_xlpm.conv>=3,700,IF(_xlpm.conv>=2,500,0))) ))) -> 0
A4: V140863 | B4: Old Portal_1YT | C4: saurabh.s@nexora.live | D4: 46206.749 | E4: =INT(D4) -> 46206 | F4: MAIN WEBSITE (HOT) | G4: =_xlfn.XLOOKUP(A4,FTD!A:A,FTD!C:C) -> 1500 | H4: {=_xlfn.LET( _xlpm.s, TRIM(F4), _xlpm.p, _xlfn.LAMBDA(_xlpm.x, LEFT(_xlpm.s, LEN(_xlpm.x)) = _xlpm.x), _xlfn.IFS( _xlpm.p("meta6"), 1, _xlpm.p("meta"), 3, _xlpm.p("ref"), 3, OR(_xlpm.p("telegram"), _xlpm.p("instagram"), _xlpm.p("stock meme"), _xlpm.p("gx")), 2, OR(_xlpm.p("application"), _xlpm.p("main website"), _xlpm.p("direct (hot)"), _xlpm.p("sunil"), _xlpm.p("prs"), _xlpm.p("invst (hot)")), 1, TRUE, 2 ) )} -> 1 | I4: =_xlfn.XLOOKUP(E4,Calendar!C:C,Calendar!B:B) -> Working Day | M4: 46204 | N4: anjali@nexora.live | O4: Working Day | P4: 2 | Q4: =_xlfn.XLOOKUP(N4,Attendance!F:F,Attendance!J:J) -> Meta | R4: =_xlfn.LET( _xlpm.pool, IFERROR(Q4&"", ""), _xlpm.conv, IFERROR(--P4, 0), _xlpm.mkt, O5="Working Day", IF(_xlpm.pool="1", IF(_xlpm.mkt, IF(_xlpm.conv>=12,700,IF(_xlpm.conv>=8,300,0)), IF(_xlpm.conv>=7,700,IF(_xlpm.conv>=4,300,0))), IF(_xlpm.pool="Meta", IF(_xlpm.mkt, IF(_xlpm.conv>=6,700,IF(_xlpm.conv>=4,400,0)), IF(_xlpm.conv>=4,700,IF(_xlpm.conv>=3,400,0))), IF(_xlpm.mkt, IF(_xlpm.conv>=5,700,IF(_xlpm.conv>=3,500,0)), IF(_xlpm.conv>=3,700,IF(_xlpm.conv>=2,500,0))) ))) -> 0
A5: S33113 | B5: Not traded new panel | C5: sandeep@nexora.live | D5: 46232.404 | E5: =INT(D5) -> 46232 | F5: META3 | G5: =_xlfn.XLOOKUP(A5,FTD!A:A,FTD!C:C) -> 4000 | H5: {=_xlfn.LET( _xlpm.s, TRIM(F5), _xlpm.p, _xlfn.LAMBDA(_xlpm.x, LEFT(_xlpm.s, LEN(_xlpm.x)) = _xlpm.x), _xlfn.IFS( _xlpm.p("meta6"), 1, _xlpm.p("meta"), 3, _xlpm.p("ref"), 3, OR(_xlpm.p("telegram"), _xlpm.p("instagram"), _xlpm.p("stock meme"), _xlpm.p("gx")), 2, OR(_xlpm.p("application"), _xlpm.p("main website"), _xlpm.p("direct (hot)"), _xlpm.p("sunil"), _xlpm.p("prs"), _xlpm.p("invst (hot)")), 1, TRUE, 2 ) )} -> 3 | I5: =_xlfn.XLOOKUP(E5,Calendar!C:C,Calendar!B:B) -> Working Day | M5: 46204 | N5: ashutosh@nexora.live | O5: Working Day | P5: 4 | Q5: =_xlfn.XLOOKUP(N5,Attendance!F:F,Attendance!J:J) -> 1 | R5: =_xlfn.LET( _xlpm.pool, IFERROR(Q5&"", ""), _xlpm.conv, IFERROR(--P5, 0), _xlpm.mkt, O6="Working Day", IF(_xlpm.pool="1", IF(_xlpm.mkt, IF(_xlpm.conv>=12,700,IF(_xlpm.conv>=8,300,0)), IF(_xlpm.conv>=7,700,IF(_xlpm.conv>=4,300,0))), IF(_xlpm.pool="Meta", IF(_xlpm.mkt, IF(_xlpm.conv>=6,700,IF(_xlpm.conv>=4,400,0)), IF(_xlpm.conv>=4,700,IF(_xlpm.conv>=3,400,0))), IF(_xlpm.mkt, IF(_xlpm.conv>=5,700,IF(_xlpm.conv>=3,500,0)), IF(_xlpm.conv>=3,700,IF(_xlpm.conv>=2,500,0))) ))) -> 0
A6: J145459 | B6: Old Portal_1YT | C6: shambu@nexora.live | D6: 46217.002 | E6: =INT(D6) -> 46217 | F6: MAIN WEBSITE (HOT) | G6: =_xlfn.XLOOKUP(A6,FTD!A:A,FTD!C:C) -> 1000 | H6: {=_xlfn.LET( _xlpm.s, TRIM(F6), _xlpm.p, _xlfn.LAMBDA(_xlpm.x, LEFT(_xlpm.s, LEN(_xlpm.x)) = _xlpm.x), _xlfn.IFS( _xlpm.p("meta6"), 1, _xlpm.p("meta"), 3, _xlpm.p("ref"), 3, OR(_xlpm.p("telegram"), _xlpm.p("instagram"), _xlpm.p("stock meme"), _xlpm.p("gx")), 2, OR(_xlpm.p("application"), _xlpm.p("main website"), _xlpm.p("direct (hot)"), _xlpm.p("sunil"), _xlpm.p("prs"), _xlpm.p("invst (hot)")), 1, TRUE, 2 ) )} -> 1 | I6: =_xlfn.XLOOKUP(E6,Calendar!C:C,Calendar!B:B) -> Working Day | M6: 46204 | N6: chandan.y@nexora.live | O6: Working Day | P6: 1 | Q6: =_xlfn.XLOOKUP(N6,Attendance!F:F,Attendance!J:J) -> #N/A | R6: =_xlfn.LET( _xlpm.pool, IFERROR(Q6&"", ""), _xlpm.conv, IFERROR(--P6, 0), _xlpm.mkt, O7="Working Day", IF(_xlpm.pool="1", IF(_xlpm.mkt, IF(_xlpm.conv>=12,700,IF(_xlpm.conv>=8,300,0)), IF(_xlpm.conv>=7,700,IF(_xlpm.conv>=4,300,0))), IF(_xlpm.pool="Meta", IF(_xlpm.mkt, IF(_xlpm.conv>=6,700,IF(_xlpm.conv>=4,400,0)), IF(_xlpm.conv>=4,700,IF(_xlpm.conv>=3,400,0))), IF(_xlpm.mkt, IF(_xlpm.conv>=5,700,IF(_xlpm.conv>=3,500,0)), IF(_xlpm.conv>=3,700,IF(_xlpm.conv>=2,500,0))) ))) -> 0
A7: B74568 | B7: Not traded new panel | C7: sangita.m@nexora.live | D7: 46212.726 | E7: =INT(D7) -> 46212 | F7: MAIN WEBSITE (HOT) | G7: =_xlfn.XLOOKUP(A7,FTD!A:A,FTD!C:C) -> 1000 | H7: {=_xlfn.LET( _xlpm.s, TRIM(F7), _xlpm.p, _xlfn.LAMBDA(_xlpm.x, LEFT(_xlpm.s, LEN(_xlpm.x)) = _xlpm.x), _xlfn.IFS( _xlpm.p("meta6"), 1, _xlpm.p("meta"), 3, _xlpm.p("ref"), 3, OR(_xlpm.p("telegram"), _xlpm.p("instagram"), _xlpm.p("stock meme"), _xlpm.p("gx")), 2, OR(_xlpm.p("application"), _xlpm.p("main website"), _xlpm.p("direct (hot)"), _xlpm.p("sunil"), _xlpm.p("prs"), _xlpm.p("invst (hot)")), 1, TRUE, 2 ) )} -> 1 | I7: =_xlfn.XLOOKUP(E7,Calendar!C:C,Calendar!B:B) -> Working Day | M7: 46204 | N7: deepa.negi@nexora.live | O7: Working Day | P7: 3 | Q7: =_xlfn.XLOOKUP(N7,Attendance!F:F,Attendance!J:J) -> Meta | R7: =_xlfn.LET( _xlpm.pool, IFERROR(Q7&"", ""), _xlpm.conv, IFERROR(--P7, 0), _xlpm.mkt, O8="Working Day", IF(_xlpm.pool="1", IF(_xlpm.mkt, IF(_xlpm.conv>=12,700,IF(_xlpm.conv>=8,300,0)), IF(_xlpm.conv>=7,700,IF(_xlpm.conv>=4,300,0))), IF(_xlpm.pool="Meta", IF(_xlpm.mkt, IF(_xlpm.conv>=6,700,IF(_xlpm.conv>=4,400,0)), IF(_xlpm.conv>=4,700,IF(_xlpm.conv>=3,400,0))), IF(_xlpm.mkt, IF(_xlpm.conv>=5,700,IF(_xlpm.conv>=3,500,0)), IF(_xlpm.conv>=3,700,IF(_xlpm.conv>=2,500,0))) ))) -> 0
A8: K147126 | B8: Old Portal_1YT | C8: saurabh.s@nexora.live | D8: 46223.426 | E8: =INT(D8) -> 46223 | F8: MAIN WEBSITE (HOT) 1 | G8: =_xlfn.XLOOKUP(A8,FTD!A:A,FTD!C:C) -> 8400 | H8: {=_xlfn.LET( _xlpm.s, TRIM(F8), _xlpm.p, _xlfn.LAMBDA(_xlpm.x, LEFT(_xlpm.s, LEN(_xlpm.x)) = _xlpm.x), _xlfn.IFS( _xlpm.p("meta6"), 1, _xlpm.p("meta"), 3, _xlpm.p("ref"), 3, OR(_xlpm.p("telegram"), _xlpm.p("instagram"), _xlpm.p("stock meme"), _xlpm.p("gx")), 2, OR(_xlpm.p("application"), _xlpm.p("main website"), _xlpm.p("direct (hot)"), _xlpm.p("sunil"), _xlpm.p("prs"), _xlpm.p("invst (hot)")), 1, TRUE, 2 ) )} -> 1 | I8: =_xlfn.XLOOKUP(E8,Calendar!C:C,Calendar!B:B) -> Working Day | M8: 46204 | N8: divya.d@nexora.live | O8: Working Day | P8: 1 | Q8: =_xlfn.XLOOKUP(N8,Attendance!F:F,Attendance!J:J) -> New OJT | R8: =_xlfn.LET( _xlpm.pool, IFERROR(Q8&"", ""), _xlpm.conv, IFERROR(--P8, 0), _xlpm.mkt, O9="Working Day", IF(_xlpm.pool="1", IF(_xlpm.mkt, IF(_xlpm.conv>=12,700,IF(_xlpm.conv>=8,300,0)), IF(_xlpm.conv>=7,700,IF(_xlpm.conv>=4,300,0))), IF(_xlpm.pool="Meta", IF(_xlpm.mkt, IF(_xlpm.conv>=6,700,IF(_xlpm.conv>=4,400,0)), IF(_xlpm.conv>=4,700,IF(_xlpm.conv>=3,400,0))), IF(_xlpm.mkt, IF(_xlpm.conv>=5,700,IF(_xlpm.conv>=3,500,0)), IF(_xlpm.conv>=3,700,IF(_xlpm.conv>=2,500,0))) ))) -> 0
A9: D143267 | B9: Traded_Old Portal | C9: siddhesh@nexora.live | D9: 46216.463 | E9: =INT(D9) -> 46216 | F9: Referral (HOT) | G9: =_xlfn.XLOOKUP(A9,FTD!A:A,FTD!C:C) -> 2000 | H9: {=_xlfn.LET( _xlpm.s, TRIM(F9), _xlpm.p, _xlfn.LAMBDA(_xlpm.x, LEFT(_xlpm.s, LEN(_xlpm.x)) = _xlpm.x), _xlfn.IFS( _xlpm.p("meta6"), 1, _xlpm.p("meta"), 3, _xlpm.p("ref"), 3, OR(_xlpm.p("telegram"), _xlpm.p("instagram"), _xlpm.p("stock meme"), _xlpm.p("gx")), 2, OR(_xlpm.p("application"), _xlpm.p("main website"), _xlpm.p("direct (hot)"), _xlpm.p("sunil"), _xlpm.p("prs"), _xlpm.p("invst (hot)")), 1, TRUE, 2 ) )} -> 3 | I9: =_xlfn.XLOOKUP(E9,Calendar!C:C,Calendar!B:B) -> Working Day | M9: 46204 | N9: fahrukh@nexora.live | O9: Working Day | P9: 1 | Q9: =_xlfn.XLOOKUP(N9,Attendance!F:F,Attendance!J:J) -> Meta | R9: =_xlfn.LET( _xlpm.pool, IFERROR(Q9&"", ""), _xlpm.conv, IFERROR(--P9, 0), _xlpm.mkt, O10="Working Day", IF(_xlpm.pool="1", IF(_xlpm.mkt, IF(_xlpm.conv>=12,700,IF(_xlpm.conv>=8,300,0)), IF(_xlpm.conv>=7,700,IF(_xlpm.conv>=4,300,0))), IF(_xlpm.pool="Meta", IF(_xlpm.mkt, IF(_xlpm.conv>=6,700,IF(_xlpm.conv>=4,400,0)), IF(_xlpm.conv>=4,700,IF(_xlpm.conv>=3,400,0))), IF(_xlpm.mkt, IF(_xlpm.conv>=5,700,IF(_xlpm.conv>=3,500,0)), IF(_xlpm.conv>=3,700,IF(_xlpm.conv>=2,500,0))) ))) -> 0
A10: S149558 | B10: Old Portal_1YT | C10: kanika@nexora.live | D10: 46227.497 | E10: =INT(D10) -> 46227 | F10: Instagram | G10: =_xlfn.XLOOKUP(A10,FTD!A:A,FTD!C:C) -> 500 | H10: {=_xlfn.LET( _xlpm.s, TRIM(F10), _xlpm.p, _xlfn.LAMBDA(_xlpm.x, LEFT(_xlpm.s, LEN(_xlpm.x)) = _xlpm.x), _xlfn.IFS( _xlpm.p("meta6"), 1, _xlpm.p("meta"), 3, _xlpm.p("ref"), 3, OR(_xlpm.p("telegram"), _xlpm.p("instagram"), _xlpm.p("stock meme"), _xlpm.p("gx")), 2, OR(_xlpm.p("application"), _xlpm.p("main website"), _xlpm.p("direct (hot)"), _xlpm.p("sunil"), _xlpm.p("prs"), _xlpm.p("invst (hot)")), 1, TRUE, 2 ) )} -> 2 | I10: =_xlfn.XLOOKUP(E10,Calendar!C:C,Calendar!B:B) -> Working Day | M10: 46204 | N10: haresh@nexora.live | O10: Working Day | P10: 2 | Q10: =_xlfn.XLOOKUP(N10,Attendance!F:F,Attendance!J:J) -> Meta | R10: =_xlfn.LET( _xlpm.pool, IFERROR(Q10&"", ""), _xlpm.conv, IFERROR(--P10, 0), _xlpm.mkt, O11="Working Day", IF(_xlpm.pool="1", IF(_xlpm.mkt, IF(_xlpm.conv>=12,700,IF(_xlpm.conv>=8,300,0)), IF(_xlpm.conv>=7,700,IF(_xlpm.conv>=4,300,0))), IF(_xlpm.pool="Meta", IF(_xlpm.mkt, IF(_xlpm.conv>=6,700,IF(_xlpm.conv>=4,400,0)), IF(_xlpm.conv>=4,700,IF(_xlpm.conv>=3,400,0))), IF(_xlpm.mkt, IF(_xlpm.conv>=5,700,IF(_xlpm.conv>=3,500,0)), IF(_xlpm.conv>=3,700,IF(_xlpm.conv>=2,500,0))) ))) -> 0
A11: A137571 | B11: Traded Conversions | C11: mitali@nexora.live | D11: 46230.398 | E11: =INT(D11) -> 46230 | F11: Meta6 | G11: =_xlfn.XLOOKUP(A11,FTD!A:A,FTD!C:C) -> 1000 | H11: {=_xlfn.LET( _xlpm.s, TRIM(F11), _xlpm.p, _xlfn.LAMBDA(_xlpm.x, LEFT(_xlpm.s, LEN(_xlpm.x)) = _xlpm.x), _xlfn.IFS( _xlpm.p("meta6"), 1, _xlpm.p("meta"), 3, _xlpm.p("ref"), 3, OR(_xlpm.p("telegram"), _xlpm.p("instagram"), _xlpm.p("stock meme"), _xlpm.p("gx")), 2, OR(_xlpm.p("application"), _xlpm.p("main website"), _xlpm.p("direct (hot)"), _xlpm.p("sunil"), _xlpm.p("prs"), _xlpm.p("invst (hot)")), 1, TRUE, 2 ) )} -> 1 | I11: =_xlfn.XLOOKUP(E11,Calendar!C:C,Calendar!B:B) -> Working Day | M11: 46204 | N11: irfan@nexora.live | O11: Working Day | P11: 2 | Q11: =_xlfn.XLOOKUP(N11,Attendance!F:F,Attendance!J:J) -> Meta | R11: =_xlfn.LET( _xlpm.pool, IFERROR(Q11&"", ""), _xlpm.conv, IFERROR(--P11, 0), _xlpm.mkt, O12="Working Day", IF(_xlpm.pool="1", IF(_xlpm.mkt, IF(_xlpm.conv>=12,700,IF(_xlpm.conv>=8,300,0)), IF(_xlpm.conv>=7,700,IF(_xlpm.conv>=4,300,0))), IF(_xlpm.pool="Meta", IF(_xlpm.mkt, IF(_xlpm.conv>=6,700,IF(_xlpm.conv>=4,400,0)), IF(_xlpm.conv>=4,700,IF(_xlpm.conv>=3,400,0))), IF(_xlpm.mkt, IF(_xlpm.conv>=5,700,IF(_xlpm.conv>=3,500,0)), IF(_xlpm.conv>=3,700,IF(_xlpm.conv>=2,500,0))) ))) -> 0
A12: M121811 | B12: Traded Conversions | C12: mitali@nexora.live | D12: 46220.43 | E12: =INT(D12) -> 46220 | F12: MAIN WEBSITE (HOT) | G12: =_xlfn.XLOOKUP(A12,FTD!A:A,FTD!C:C) -> 1000 | H12: {=_xlfn.LET( _xlpm.s, TRIM(F12), _xlpm.p, _xlfn.LAMBDA(_xlpm.x, LEFT(_xlpm.s, LEN(_xlpm.x)) = _xlpm.x), _xlfn.IFS( _xlpm.p("meta6"), 1, _xlpm.p("meta"), 3, _xlpm.p("ref"), 3, OR(_xlpm.p("telegram"), _xlpm.p("instagram"), _xlpm.p("stock meme"), _xlpm.p("gx")), 2, OR(_xlpm.p("application"), _xlpm.p("main website"), _xlpm.p("direct (hot)"), _xlpm.p("sunil"), _xlpm.p("prs"), _xlpm.p("invst (hot)")), 1, TRUE, 2 ) )} -> 1 | I12: =_xlfn.XLOOKUP(E12,Calendar!C:C,Calendar!B:B) -> Working Day | M12: 46204 | N12: kawaljit.k@nexora.live | O12: Working Day | P12: 1 | Q12: =_xlfn.XLOOKUP(N12,Attendance!F:F,Attendance!J:J) -> Meta | R12: =_xlfn.LET( _xlpm.pool, IFERROR(Q12&"", ""), _xlpm.conv, IFERROR(--P12, 0), _xlpm.mkt, O13="Working Day", IF(_xlpm.pool="1", IF(_xlpm.mkt, IF(_xlpm.conv>=12,700,IF(_xlpm.conv>=8,300,0)), IF(_xlpm.conv>=7,700,IF(_xlpm.conv>=4,300,0))), IF(_xlpm.pool="Meta", IF(_xlpm.mkt, IF(_xlpm.conv>=6,700,IF(_xlpm.conv>=4,400,0)), IF(_xlpm.conv>=4,700,IF(_xlpm.conv>=3,400,0))), IF(_xlpm.mkt, IF(_xlpm.conv>=5,700,IF(_xlpm.conv>=3,500,0)), IF(_xlpm.conv>=3,700,IF(_xlpm.conv>=2,500,0))) ))) -> 0
A13: R149379 | B13: Traded Conversions | C13: irfan@nexora.live | D13: 46227.536 | E13: =INT(D13) -> 46227 | F13: META6 | G13: =_xlfn.XLOOKUP(A13,FTD!A:A,FTD!C:C) -> 1001 | H13: {=_xlfn.LET( _xlpm.s, TRIM(F13), _xlpm.p, _xlfn.LAMBDA(_xlpm.x, LEFT(_xlpm.s, LEN(_xlpm.x)) = _xlpm.x), _xlfn.IFS( _xlpm.p("meta6"), 1, _xlpm.p("meta"), 3, _xlpm.p("ref"), 3, OR(_xlpm.p("telegram"), _xlpm.p("instagram"), _xlpm.p("stock meme"), _xlpm.p("gx")), 2, OR(_xlpm.p("application"), _xlpm.p("main website"), _xlpm.p("direct (hot)"), _xlpm.p("sunil"), _xlpm.p("prs"), _xlpm.p("invst (hot)")), 1, TRUE, 2 ) )} -> 1 | I13: =_xlfn.XLOOKUP(E13,Calendar!C:C,Calendar!B:B) -> Working Day | M13: 46204 | N13: nair@nexora.live | O13: Working Day | P13: 2 | Q13: =_xlfn.XLOOKUP(N13,Attendance!F:F,Attendance!J:J) -> 1 | R13: =_xlfn.LET( _xlpm.pool, IFERROR(Q13&"", ""), _xlpm.conv, IFERROR(--P13, 0), _xlpm.mkt, O14="Working Day", IF(_xlpm.pool="1", IF(_xlpm.mkt, IF(_xlpm.conv>=12,700,IF(_xlpm.conv>=8,300,0)), IF(_xlpm.conv>=7,700,IF(_xlpm.conv>=4,300,0))), IF(_xlpm.pool="Meta", IF(_xlpm.mkt, IF(_xlpm.conv>=6,700,IF(_xlpm.conv>=4,400,0)), IF(_xlpm.conv>=4,700,IF(_xlpm.conv>=3,400,0))), IF(_xlpm.mkt, IF(_xlpm.conv>=5,700,IF(_xlpm.conv>=3,500,0)), IF(_xlpm.conv>=3,700,IF(_xlpm.conv>=2,500,0))) ))) -> 0
A14: A134801 | B14: Traded Conversions | C14: ashutosh@nexora.live | D14: 46206.597 | E14: =INT(D14) -> 46206 | F14: MAIN WEBSITE (HOT) | G14: =_xlfn.XLOOKUP(A14,FTD!A:A,FTD!C:C) -> 5000 | H14: {=_xlfn.LET( _xlpm.s, TRIM(F14), _xlpm.p, _xlfn.LAMBDA(_xlpm.x, LEFT(_xlpm.s, LEN(_xlpm.x)) = _xlpm.x), _xlfn.IFS( _xlpm.p("meta6"), 1, _xlpm.p("meta"), 3, _xlpm.p("ref"), 3, OR(_xlpm.p("telegram"), _xlpm.p("instagram"), _xlpm.p("stock meme"), _xlpm.p("gx")), 2, OR(_xlpm.p("application"), _xlpm.p("main website"), _xlpm.p("direct (hot)"), _xlpm.p("sunil"), _xlpm.p("prs"), _xlpm.p("invst (hot)")), 1, TRUE, 2 ) )} -> 1 | I14: =_xlfn.XLOOKUP(E14,Calendar!C:C,Calendar!B:B) -> Working Day | M14: 46204 | N14: oreen@nexora.live | O14: Working Day | P14: 1 | Q14: =_xlfn.XLOOKUP(N14,Attendance!F:F,Attendance!J:J) -> OLD OJT | R14: =_xlfn.LET( _xlpm.pool, IFERROR(Q14&"", ""), _xlpm.conv, IFERROR(--P14, 0), _xlpm.mkt, O15="Working Day", IF(_xlpm.pool="1", IF(_xlpm.mkt, IF(_xlpm.conv>=12,700,IF(_xlpm.conv>=8,300,0)), IF(_xlpm.conv>=7,700,IF(_xlpm.conv>=4,300,0))), IF(_xlpm.pool="Meta", IF(_xlpm.mkt, IF(_xlpm.conv>=6,700,IF(_xlpm.conv>=4,400,0)), IF(_xlpm.conv>=4,700,IF(_xlpm.conv>=3,400,0))), IF(_xlpm.mkt, IF(_xlpm.conv>=5,700,IF(_xlpm.conv>=3,500,0)), IF(_xlpm.conv>=3,700,IF(_xlpm.conv>=2,500,0))) ))) -> 0
... A111: H148363 | B111: Traded Conversions | C111: sachin.g@nexora.live | D111: 46224.435 | E111: =INT(D111) -> 46224 | F111: MAIN WEBSITE (HOT) | G111: =_xlfn.XLOOKUP(A111,FTD!A:A,FTD!C:C) -> 2500 | H111: {=_xlfn.LET( _xlpm.s, TRIM(F111), _xlpm.p, _xlfn.LAMBDA(_xlpm.x, LEFT(_xlpm.s, LEN(_xlpm.x)) = _xlpm.x), _xlfn.IFS( _xlpm.p("meta6"), 1, _xlpm.p("meta"), 3, _xlpm.p("ref"), 3, OR(_xlpm.p("telegram"), _xlpm.p("instagram"), _xlpm.p("stock meme"), _xlpm.p("gx")), 2, OR(_xlpm.p("application"), _xlpm.p("main website"), _xlpm.p("direct (hot)"), _xlpm.p("sunil"), _xlpm.p("prs"), _xlpm.p("invst (hot)")), 1, TRUE, 2 ) )} -> 1 | I111: =_xlfn.XLOOKUP(E111,Calendar!C:C,Calendar!B:B) -> Working Day | M111: 46209 | N111: ashutosh@nexora.live | O111: Working Day | P111: 3 | Q111: =_xlfn.XLOOKUP(N111,Attendance!F:F,Attendance!J:J) -> 1 | R111: =_xlfn.LET( _xlpm.pool, IFERROR(Q111&"", ""), _xlpm.conv, IFERROR(--P111, 0), _xlpm.mkt, O112="Working Day", IF(_xlpm.pool="1", IF(_xlpm.mkt, IF(_xlpm.conv>=12,700,IF(_xlpm.conv>=8,300,0)), IF(_xlpm.conv>=7,700,IF(_xlpm.conv>=4,300,0))), IF(_xlpm.pool="Meta", IF(_xlpm.mkt, IF(_xlpm.conv>=6,700,IF(_xlpm.conv>=4,400,0)), IF(_xlpm.conv>=4,700,IF(_xlpm.conv>=3,400,0))), IF(_xlpm.mkt, IF(_xlpm.conv>=5,700,IF(_xlpm.conv>=3,500,0)), IF(_xlpm.conv>=3,700,IF(_xlpm.conv>=2,500,0))) ))) -> 0
A112: B145911 | B112: Traded Conversions | C112: deepa.negi@nexora.live | D112: 46225.412 | E112: =INT(D112) -> 46225 | G112: =_xlfn.XLOOKUP(A112,FTD!A:A,FTD!C:C) -> 2000 | H112: {=_xlfn.LET( _xlpm.s, TRIM(F112), _xlpm.p, _xlfn.LAMBDA(_xlpm.x, LEFT(_xlpm.s, LEN(_xlpm.x)) = _xlpm.x), _xlfn.IFS( _xlpm.p("meta6"), 1, _xlpm.p("meta"), 3, _xlpm.p("ref"), 3, OR(_xlpm.p("telegram"), _xlpm.p("instagram"), _xlpm.p("stock meme"), _xlpm.p("gx")), 2, OR(_xlpm.p("application"), _xlpm.p("main website"), _xlpm.p("direct (hot)"), _xlpm.p("sunil"), _xlpm.p("prs"), _xlpm.p("invst (hot)")), 1, TRUE, 2 ) )} -> 2 | I112: =_xlfn.XLOOKUP(E112,Calendar!C:C,Calendar!B:B) -> Working Day | M112: 46209 | N112: aslam.k@nexora.live | O112: Working Day | P112: 2 | Q112: =_xlfn.XLOOKUP(N112,Attendance!F:F,Attendance!J:J) -> Dialer | R112: =_xlfn.LET( _xlpm.pool, IFERROR(Q112&"", ""), _xlpm.conv, IFERROR(--P112, 0), _xlpm.mkt, O113="Working Day", IF(_xlpm.pool="1", IF(_xlpm.mkt, IF(_xlpm.conv>=12,700,IF(_xlpm.conv>=8,300,0)), IF(_xlpm.conv>=7,700,IF(_xlpm.conv>=4,300,0))), IF(_xlpm.pool="Meta", IF(_xlpm.mkt, IF(_xlpm.conv>=6,700,IF(_xlpm.conv>=4,400,0)), IF(_xlpm.conv>=4,700,IF(_xlpm.conv>=3,400,0))), IF(_xlpm.mkt, IF(_xlpm.conv>=5,700,IF(_xlpm.conv>=3,500,0)), IF(_xlpm.conv>=3,700,IF(_xlpm.conv>=2,500,0))) ))) -> 0
A113: S143858 | B113: Traded Conversions | C113: prince@nexora.live | D113: 46213.82 | E113: =INT(D113) -> 46213 | F113: Referral (HOT) | G113: =_xlfn.XLOOKUP(A113,FTD!A:A,FTD!C:C) -> 1000 | H113: {=_xlfn.LET( _xlpm.s, TRIM(F113), _xlpm.p, _xlfn.LAMBDA(_xlpm.x, LEFT(_xlpm.s, LEN(_xlpm.x)) = _xlpm.x), _xlfn.IFS( _xlpm.p("meta6"), 1, _xlpm.p("meta"), 3, _xlpm.p("ref"), 3, OR(_xlpm.p("telegram"), _xlpm.p("instagram"), _xlpm.p("stock meme"), _xlpm.p("gx")), 2, OR(_xlpm.p("application"), _xlpm.p("main website"), _xlpm.p("direct (hot)"), _xlpm.p("sunil"), _xlpm.p("prs"), _xlpm.p("invst (hot)")), 1, TRUE, 2 ) )} -> 3 | I113: =_xlfn.XLOOKUP(E113,Calendar!C:C,Calendar!B:B) -> Working Day | M113: 46209 | N113: deepa.negi@nexora.live | O113: Working Day | P113: 1 | Q113: =_xlfn.XLOOKUP(N113,Attendance!F:F,Attendance!J:J) -> Meta | R113: =_xlfn.LET( _xlpm.pool, IFERROR(Q113&"", ""), _xlpm.conv, IFERROR(--P113, 0), _xlpm.mkt, O114="Working Day", IF(_xlpm.pool="1", IF(_xlpm.mkt, IF(_xlpm.conv>=12,700,IF(_xlpm.conv>=8,300,0)), IF(_xlpm.conv>=7,700,IF(_xlpm.conv>=4,300,0))), IF(_xlpm.pool="Meta", IF(_xlpm.mkt, IF(_xlpm.conv>=6,700,IF(_xlpm.conv>=4,400,0)), IF(_xlpm.conv>=4,700,IF(_xlpm.conv>=3,400,0))), IF(_xlpm.mkt, IF(_xlpm.conv>=5,700,IF(_xlpm.conv>=3,500,0)), IF(_xlpm.conv>=3,700,IF(_xlpm.conv>=2,500,0))) ))) -> 0
A114: S148976 | B114: Traded Conversions | C114: sachin.g@nexora.live | D114: 46226.409 | E114: =INT(D114) -> 46226 | F114: MAIN WEBSITE (HOT) | G114: =_xlfn.XLOOKUP(A114,FTD!A:A,FTD!C:C) -> 40000 | H114: {=_xlfn.LET( _xlpm.s, TRIM(F114), _xlpm.p, _xlfn.LAMBDA(_xlpm.x, LEFT(_xlpm.s, LEN(_xlpm.x)) = _xlpm.x), _xlfn.IFS( _xlpm.p("meta6"), 1, _xlpm.p("meta"), 3, _xlpm.p("ref"), 3, OR(_xlpm.p("telegram"), _xlpm.p("instagram"), _xlpm.p("stock meme"), _xlpm.p("gx")), 2, OR(_xlpm.p("application"), _xlpm.p("main website"), _xlpm.p("direct (hot)"), _xlpm.p("sunil"), _xlpm.p("prs"), _xlpm.p("invst (hot)")), 1, TRUE, 2 ) )} -> 1 | I114: =_xlfn.XLOOKUP(E114,Calendar!C:C,Calendar!B:B) -> Working Day | M114: 46209 | N114: divya.d@nexora.live | O114: Working Day | P114: 1 | Q114: =_xlfn.XLOOKUP(N114,Attendance!F:F,Attendance!J:J) -> New OJT | R114: =_xlfn.LET( _xlpm.pool, IFERROR(Q114&"", ""), _xlpm.conv, IFERROR(--P114, 0), _xlpm.mkt, O115="Working Day", IF(_xlpm.pool="1", IF(_xlpm.mkt, IF(_xlpm.conv>=12,700,IF(_xlpm.conv>=8,300,0)), IF(_xlpm.conv>=7,700,IF(_xlpm.conv>=4,300,0))), IF(_xlpm.pool="Meta", IF(_xlpm.mkt, IF(_xlpm.conv>=6,700,IF(_xlpm.conv>=4,400,0)), IF(_xlpm.conv>=4,700,IF(_xlpm.conv>=3,400,0))), IF(_xlpm.mkt, IF(_xlpm.conv>=5,700,IF(_xlpm.conv>=3,500,0)), IF(_xlpm.conv>=3,700,IF(_xlpm.conv>=2,500,0))) ))) -> 0
A115: N139608 | B115: Old Portal_1YT | C115: haresh@nexora.live | D115: 46209.389 | E115: =INT(D115) -> 46209 | F115: MAIN WEBSITE (HOT) | G115: =_xlfn.XLOOKUP(A115,FTD!A:A,FTD!C:C) -> 1000 | H115: {=_xlfn.LET( _xlpm.s, TRIM(F115), _xlpm.p, _xlfn.LAMBDA(_xlpm.x, LEFT(_xlpm.s, LEN(_xlpm.x)) = _xlpm.x), _xlfn.IFS( _xlpm.p("meta6"), 1, _xlpm.p("meta"), 3, _xlpm.p("ref"), 3, OR(_xlpm.p("telegram"), _xlpm.p("instagram"), _xlpm.p("stock meme"), _xlpm.p("gx")), 2, OR(_xlpm.p("application"), _xlpm.p("main website"), _xlpm.p("direct (hot)"), _xlpm.p("sunil"), _xlpm.p("prs"), _xlpm.p("invst (hot)")), 1, TRUE, 2 ) )} -> 1 | I115: =_xlfn.XLOOKUP(E115,Calendar!C:C,Calendar!B:B) -> Working Day | M115: 46209 | N115: fahrukh@nexora.live | O115: Working Day | P115: 1 | Q115: =_xlfn.XLOOKUP(N115,Attendance!F:F,Attendance!J:J) -> Meta | R115: =_xlfn.LET( _xlpm.pool, IFERROR(Q115&"", ""), _xlpm.conv, IFERROR(--P115, 0), _xlpm.mkt, O116="Working Day", IF(_xlpm.pool="1", IF(_xlpm.mkt, IF(_xlpm.conv>=12,700,IF(_xlpm.conv>=8,300,0)), IF(_xlpm.conv>=7,700,IF(_xlpm.conv>=4,300,0))), IF(_xlpm.pool="Meta", IF(_xlpm.mkt, IF(_xlpm.conv>=6,700,IF(_xlpm.conv>=4,400,0)), IF(_xlpm.conv>=4,700,IF(_xlpm.conv>=3,400,0))), IF(_xlpm.mkt, IF(_xlpm.conv>=5,700,IF(_xlpm.conv>=3,500,0)), IF(_xlpm.conv>=3,700,IF(_xlpm.conv>=2,500,0))) ))) -> 0
A116: S150201 | B116: Old Portal_1YT | C116: haresh@nexora.live | D116: 46232.862 | E116: =INT(D116) -> 46232 | F116: MAIN WEBSITE (HOT) 1 | G116: =_xlfn.XLOOKUP(A116,FTD!A:A,FTD!C:C) -> 10000 | H116: {=_xlfn.LET( _xlpm.s, TRIM(F116), _xlpm.p, _xlfn.LAMBDA(_xlpm.x, LEFT(_xlpm.s, LEN(_xlpm.x)) = _xlpm.x), _xlfn.IFS( _xlpm.p("meta6"), 1, _xlpm.p("meta"), 3, _xlpm.p("ref"), 3, OR(_xlpm.p("telegram"), _xlpm.p("instagram"), _xlpm.p("stock meme"), _xlpm.p("gx")), 2, OR(_xlpm.p("application"), _xlpm.p("main website"), _xlpm.p("direct (hot)"), _xlpm.p("sunil"), _xlpm.p("prs"), _xlpm.p("invst (hot)")), 1, TRUE, 2 ) )} -> 1 | I116: =_xlfn.XLOOKUP(E116,Calendar!C:C,Calendar!B:B) -> Working Day | M116: 46209 | N116: haresh@nexora.live | O116: Working Day | P116: 2 | Q116: =_xlfn.XLOOKUP(N116,Attendance!F:F,Attendance!J:J) -> Meta | R116: =_xlfn.LET( _xlpm.pool, IFERROR(Q116&"", ""), _xlpm.conv, IFERROR(--P116, 0), _xlpm.mkt, O117="Working Day", IF(_xlpm.pool="1", IF(_xlpm.mkt, IF(_xlpm.conv>=12,700,IF(_xlpm.conv>=8,300,0)), IF(_xlpm.conv>=7,700,IF(_xlpm.conv>=4,300,0))), IF(_xlpm.pool="Meta", IF(_xlpm.mkt, IF(_xlpm.conv>=6,700,IF(_xlpm.conv>=4,400,0)), IF(_xlpm.conv>=4,700,IF(_xlpm.conv>=3,400,0))), IF(_xlpm.mkt, IF(_xlpm.conv>=5,700,IF(_xlpm.conv>=3,500,0)), IF(_xlpm.conv>=3,700,IF(_xlpm.conv>=2,500,0))) ))) -> 0
A117: P145664 | B117: Old Portal_1YT | C117: shambu@nexora.live | D117: 46217.487 | E117: =INT(D117) -> 46217 | F117: MAIN WEBSITE (HOT) | G117: =_xlfn.XLOOKUP(A117,FTD!A:A,FTD!C:C) -> 1000 | H117: {=_xlfn.LET( _xlpm.s, TRIM(F117), _xlpm.p, _xlfn.LAMBDA(_xlpm.x, LEFT(_xlpm.s, LEN(_xlpm.x)) = _xlpm.x), _xlfn.IFS( _xlpm.p("meta6"), 1, _xlpm.p("meta"), 3, _xlpm.p("ref"), 3, OR(_xlpm.p("telegram"), _xlpm.p("instagram"), _xlpm.p("stock meme"), _xlpm.p("gx")), 2, OR(_xlpm.p("application"), _xlpm.p("main website"), _xlpm.p("direct (hot)"), _xlpm.p("sunil"), _xlpm.p("prs"), _xlpm.p("invst (hot)")), 1, TRUE, 2 ) )} -> 1 | I117: =_xlfn.XLOOKUP(E117,Calendar!C:C,Calendar!B:B) -> Working Day | M117: 46209 | N117: irfan@nexora.live | O117: Working Day | P117: 2 | Q117: =_xlfn.XLOOKUP(N117,Attendance!F:F,Attendance!J:J) -> Meta | R117: =_xlfn.LET( _xlpm.pool, IFERROR(Q117&"", ""), _xlpm.conv, IFERROR(--P117, 0), _xlpm.mkt, O118="Working Day", IF(_xlpm.pool="1", IF(_xlpm.mkt, IF(_xlpm.conv>=12,700,IF(_xlpm.conv>=8,300,0)), IF(_xlpm.conv>=7,700,IF(_xlpm.conv>=4,300,0))), IF(_xlpm.pool="Meta", IF(_xlpm.mkt, IF(_xlpm.conv>=6,700,IF(_xlpm.conv>=4,400,0)), IF(_xlpm.conv>=4,700,IF(_xlpm.conv>=3,400,0))), IF(_xlpm.mkt, IF(_xlpm.conv>=5,700,IF(_xlpm.conv>=3,500,0)), IF(_xlpm.conv>=3,700,IF(_xlpm.conv>=2,500,0))) ))) -> 0
A118: A146729 | B118: Old Portal_1YT | C118: haresh@nexora.live | D118: 46231.412 | E118: =INT(D118) -> 46231 | F118: MAIN WEBSITE (HOT) | G118: =_xlfn.XLOOKUP(A118,FTD!A:A,FTD!C:C) -> 126 | H118: {=_xlfn.LET( _xlpm.s, TRIM(F118), _xlpm.p, _xlfn.LAMBDA(_xlpm.x, LEFT(_xlpm.s, LEN(_xlpm.x)) = _xlpm.x), _xlfn.IFS( _xlpm.p("meta6"), 1, _xlpm.p("meta"), 3, _xlpm.p("ref"), 3, OR(_xlpm.p("telegram"), _xlpm.p("instagram"), _xlpm.p("stock meme"), _xlpm.p("gx")), 2, OR(_xlpm.p("application"), _xlpm.p("main website"), _xlpm.p("direct (hot)"), _xlpm.p("sunil"), _xlpm.p("prs"), _xlpm.p("invst (hot)")), 1, TRUE, 2 ) )} -> 1 | I118: =_xlfn.XLOOKUP(E118,Calendar!C:C,Calendar!B:B) -> Working Day | M118: 46209 | N118: ishika@nexora.live | O118: Working Day | P118: 2 | Q118: =_xlfn.XLOOKUP(N118,Attendance!F:F,Attendance!J:J) -> OJT 2 | R118: =_xlfn.LET( _xlpm.pool, IFERROR(Q118&"", ""), _xlpm.conv, IFERROR(--P118, 0), _xlpm.mkt, O119="Working Day", IF(_xlpm.pool="1", IF(_xlpm.mkt, IF(_xlpm.conv>=12,700,IF(_xlpm.conv>=8,300,0)), IF(_xlpm.conv>=7,700,IF(_xlpm.conv>=4,300,0))), IF(_xlpm.pool="Meta", IF(_xlpm.mkt, IF(_xlpm.conv>=6,700,IF(_xlpm.conv>=4,400,0)), IF(_xlpm.conv>=4,700,IF(_xlpm.conv>=3,400,0))), IF(_xlpm.mkt, IF(_xlpm.conv>=5,700,IF(_xlpm.conv>=3,500,0)), IF(_xlpm.conv>=3,700,IF(_xlpm.conv>=2,500,0))) ))) -> 0
A119: S144375 | B119: Old Portal_1YT | C119: sushil@nexora.live | D119: 46215.205 | E119: =INT(D119) -> 46215 | F119: Meta-T | G119: =_xlfn.XLOOKUP(A119,FTD!A:A,FTD!C:C) -> 2000 | H119: {=_xlfn.LET( _xlpm.s, TRIM(F119), _xlpm.p, _xlfn.LAMBDA(_xlpm.x, LEFT(_xlpm.s, LEN(_xlpm.x)) = _xlpm.x), _xlfn.IFS( _xlpm.p("meta6"), 1, _xlpm.p("meta"), 3, _xlpm.p("ref"), 3, OR(_xlpm.p("telegram"), _xlpm.p("instagram"), _xlpm.p("stock meme"), _xlpm.p("gx")), 2, OR(_xlpm.p("application"), _xlpm.p("main website"), _xlpm.p("direct (hot)"), _xlpm.p("sunil"), _xlpm.p("prs"), _xlpm.p("invst (hot)")), 1, TRUE, 2 ) )} -> 3 | I119: =_xlfn.XLOOKUP(E119,Calendar!C:C,Calendar!B:B) -> Sunday | M119: 46209 | N119: kanika@nexora.live | O119: Working Day | P119: 1 | Q119: =_xlfn.XLOOKUP(N119,Attendance!F:F,Attendance!J:J) -> OJT 1 | R119: =_xlfn.LET( _xlpm.pool, IFERROR(Q119&"", ""), _xlpm.conv, IFERROR(--P119, 0), _xlpm.mkt, O120="Working Day", IF(_xlpm.pool="1", IF(_xlpm.mkt, IF(_xlpm.conv>=12,700,IF(_xlpm.conv>=8,300,0)), IF(_xlpm.conv>=7,700,IF(_xlpm.conv>=4,300,0))), IF(_xlpm.pool="Meta", IF(_xlpm.mkt, IF(_xlpm.conv>=6,700,IF(_xlpm.conv>=4,400,0)), IF(_xlpm.conv>=4,700,IF(_xlpm.conv>=3,400,0))), IF(_xlpm.mkt, IF(_xlpm.conv>=5,700,IF(_xlpm.conv>=3,500,0)), IF(_xlpm.conv>=3,700,IF(_xlpm.conv>=2,500,0))) ))) -> 0
A120: R142106 | B120: Traded_Old Portal | C120: deepa.negi@nexora.live | D120: 46230.457 | E120: =INT(D120) -> 46230 | F120: MAIN WEBSITE (HOT) | G120: =_xlfn.XLOOKUP(A120,FTD!A:A,FTD!C:C) -> 10000 | H120: {=_xlfn.LET( _xlpm.s, TRIM(F120), _xlpm.p, _xlfn.LAMBDA(_xlpm.x, LEFT(_xlpm.s, LEN(_xlpm.x)) = _xlpm.x), _xlfn.IFS( _xlpm.p("meta6"), 1, _xlpm.p("meta"), 3, _xlpm.p("ref"), 3, OR(_xlpm.p("telegram"), _xlpm.p("instagram"), _xlpm.p("stock meme"), _xlpm.p("gx")), 2, OR(_xlpm.p("application"), _xlpm.p("main website"), _xlpm.p("direct (hot)"), _xlpm.p("sunil"), _xlpm.p("prs"), _xlpm.p("invst (hot)")), 1, TRUE, 2 ) )} -> 1 | I120: =_xlfn.XLOOKUP(E120,Calendar!C:C,Calendar!B:B) -> Working Day | M120: 46209 | N120: kawaljit.k@nexora.live | O120: Working Day | P120: 1 | Q120: =_xlfn.XLOOKUP(N120,Attendance!F:F,Attendance!J:J) -> Meta | R120: =_xlfn.LET( _xlpm.pool, IFERROR(Q120&"", ""), _xlpm.conv, IFERROR(--P120, 0), _xlpm.mkt, O121="Working Day", IF(_xlpm.pool="1", IF(_xlpm.mkt, IF(_xlpm.conv>=12,700,IF(_xlpm.conv>=8,300,0)), IF(_xlpm.conv>=7,700,IF(_xlpm.conv>=4,300,0))), IF(_xlpm.pool="Meta", IF(_xlpm.mkt, IF(_xlpm.conv>=6,700,IF(_xlpm.conv>=4,400,0)), IF(_xlpm.conv>=4,700,IF(_xlpm.conv>=3,400,0))), IF(_xlpm.mkt, IF(_xlpm.conv>=5,700,IF(_xlpm.conv>=3,500,0)), IF(_xlpm.conv>=3,700,IF(_xlpm.conv>=2,500,0))) ))) -> 0
A121: S146794 | B121: Old Portal_1YT | C121: deepraj@nexora.live | D121: 46220.774 | E121: =INT(D121) -> 46220 | F121: MAIN WEBSITE (HOT) | G121: =_xlfn.XLOOKUP(A121,FTD!A:A,FTD!C:C) -> 1205 | H121: {=_xlfn.LET( _xlpm.s, TRIM(F121), _xlpm.p, _xlfn.LAMBDA(_xlpm.x, LEFT(_xlpm.s, LEN(_xlpm.x)) = _xlpm.x), _xlfn.IFS( _xlpm.p("meta6"), 1, _xlpm.p("meta"), 3, _xlpm.p("ref"), 3, OR(_xlpm.p("telegram"), _xlpm.p("instagram"), _xlpm.p("stock meme"), _xlpm.p("gx")), 2, OR(_xlpm.p("application"), _xlpm.p("main website"), _xlpm.p("direct (hot)"), _xlpm.p("sunil"), _xlpm.p("prs"), _xlpm.p("invst (hot)")), 1, TRUE, 2 ) )} -> 1 | I121: =_xlfn.XLOOKUP(E121,Calendar!C:C,Calendar!B:B) -> Working Day | M121: 46209 | N121: mitali@nexora.live | O121: Working Day | P121: 1 | Q121: =_xlfn.XLOOKUP(N121,Attendance!F:F,Attendance!J:J) -> Telegram | R121: =_xlfn.LET( _xlpm.pool, IFERROR(Q121&"", ""), _xlpm.conv, IFERROR(--P121, 0), _xlpm.mkt, O122="Working Day", IF(_xlpm.pool="1", IF(_xlpm.mkt, IF(_xlpm.conv>=12,700,IF(_xlpm.conv>=8,300,0)), IF(_xlpm.conv>=7,700,IF(_xlpm.conv>=4,300,0))), IF(_xlpm.pool="Meta", IF(_xlpm.mkt, IF(_xlpm.conv>=6,700,IF(_xlpm.conv>=4,400,0)), IF(_xlpm.conv>=4,700,IF(_xlpm.conv>=3,400,0))), IF(_xlpm.mkt, IF(_xlpm.conv>=5,700,IF(_xlpm.conv>=3,500,0)), IF(_xlpm.conv>=3,700,IF(_xlpm.conv>=2,500,0))) ))) -> 0
A122: K151454 | B122: Old Portal_1YT | C122: oreen@nexora.live | D122: 46231.866 | E122: =INT(D122) -> 46231 | F122: MAIN WEBSITE (HOT) 1 | G122: =_xlfn.XLOOKUP(A122,FTD!A:A,FTD!C:C) -> 3000 | H122: {=_xlfn.LET( _xlpm.s, TRIM(F122), _xlpm.p, _xlfn.LAMBDA(_xlpm.x, LEFT(_xlpm.s, LEN(_xlpm.x)) = _xlpm.x), _xlfn.IFS( _xlpm.p("meta6"), 1, _xlpm.p("meta"), 3, _xlpm.p("ref"), 3, OR(_xlpm.p("telegram"), _xlpm.p("instagram"), _xlpm.p("stock meme"), _xlpm.p("gx")), 2, OR(_xlpm.p("application"), _xlpm.p("main website"), _xlpm.p("direct (hot)"), _xlpm.p("sunil"), _xlpm.p("prs"), _xlpm.p("invst (hot)")), 1, TRUE, 2 ) )} -> 1 | I122: =_xlfn.XLOOKUP(E122,Calendar!C:C,Calendar!B:B) -> Working Day | M122: 46209 | N122: nair@nexora.live | O122: Working Day | P122: 6 | Q122: =_xlfn.XLOOKUP(N122,Attendance!F:F,Attendance!J:J) -> 1 | R122: =_xlfn.LET( _xlpm.pool, IFERROR(Q122&"", ""), _xlpm.conv, IFERROR(--P122, 0), _xlpm.mkt, O123="Working Day", IF(_xlpm.pool="1", IF(_xlpm.mkt, IF(_xlpm.conv>=12,700,IF(_xlpm.conv>=8,300,0)), IF(_xlpm.conv>=7,700,IF(_xlpm.conv>=4,300,0))), IF(_xlpm.pool="Meta", IF(_xlpm.mkt, IF(_xlpm.conv>=6,700,IF(_xlpm.conv>=4,400,0)), IF(_xlpm.conv>=4,700,IF(_xlpm.conv>=3,400,0))), IF(_xlpm.mkt, IF(_xlpm.conv>=5,700,IF(_xlpm.conv>=3,500,0)), IF(_xlpm.conv>=3,700,IF(_xlpm.conv>=2,500,0))) ))) -> 0
A123: I133072 | B123: Old Portal_1YT | C123: chandan.y@nexora.live | D123: 46226.553 | E123: =INT(D123) -> 46226 | F123: MAIN WEBSITE (HOT) 1 | G123: =_xlfn.XLOOKUP(A123,FTD!A:A,FTD!C:C) -> 1000 | H123: {=_xlfn.LET( _xlpm.s, TRIM(F123), _xlpm.p, _xlfn.LAMBDA(_xlpm.x, LEFT(_xlpm.s, LEN(_xlpm.x)) = _xlpm.x), _xlfn.IFS( _xlpm.p("meta6"), 1, _xlpm.p("meta"), 3, _xlpm.p("ref"), 3, OR(_xlpm.p("telegram"), _xlpm.p("instagram"), _xlpm.p("stock meme"), _xlpm.p("gx")), 2, OR(_xlpm.p("application"), _xlpm.p("main website"), _xlpm.p("direct (hot)"), _xlpm.p("sunil"), _xlpm.p("prs"), _xlpm.p("invst (hot)")), 1, TRUE, 2 ) )} -> 1 | I123: =_xlfn.XLOOKUP(E123,Calendar!C:C,Calendar!B:B) -> Working Day | M123: 46209 | N123: prince@nexora.live | O123: Working Day | P123: 3 | Q123: =_xlfn.XLOOKUP(N123,Attendance!F:F,Attendance!J:J) -> 1 | R123: =_xlfn.LET( _xlpm.pool, IFERROR(Q123&"", ""), _xlpm.conv, IFERROR(--P123, 0), _xlpm.mkt, O124="Working Day", IF(_xlpm.pool="1", IF(_xlpm.mkt, IF(_xlpm.conv>=12,700,IF(_xlpm.conv>=8,300,0)), IF(_xlpm.conv>=7,700,IF(_xlpm.conv>=4,300,0))), IF(_xlpm.pool="Meta", IF(_xlpm.mkt, IF(_xlpm.conv>=6,700,IF(_xlpm.conv>=4,400,0)), IF(_xlpm.conv>=4,700,IF(_xlpm.conv>=3,400,0))), IF(_xlpm.mkt, IF(_xlpm.conv>=5,700,IF(_xlpm.conv>=3,500,0)), IF(_xlpm.conv>=3,700,IF(_xlpm.conv>=2,500,0))) ))) -> 0
A124: G136192 | B124: Old Portal_1YT | C124: ishika@nexora.live | D124: 46219.825 | E124: =INT(D124) -> 46219 | F124: META3 | G124: =_xlfn.XLOOKUP(A124,FTD!A:A,FTD!C:C) -> 1000 | H124: {=_xlfn.LET( _xlpm.s, TRIM(F124), _xlpm.p, _xlfn.LAMBDA(_xlpm.x, LEFT(_xlpm.s, LEN(_xlpm.x)) = _xlpm.x), _xlfn.IFS( _xlpm.p("meta6"), 1, _xlpm.p("meta"), 3, _xlpm.p("ref"), 3, OR(_xlpm.p("telegram"), _xlpm.p("instagram"), _xlpm.p("stock meme"), _xlpm.p("gx")), 2, OR(_xlpm.p("application"), _xlpm.p("main website"), _xlpm.p("direct (hot)"), _xlpm.p("sunil"), _xlpm.p("prs"), _xlpm.p("invst (hot)")), 1, TRUE, 2 ) )} -> 3 | I124: =_xlfn.XLOOKUP(E124,Calendar!C:C,Calendar!B:B) -> Working Day | M124: 46209 | N124: ramya@nexora.live | O124: Working Day | P124: 1 | Q124: =_xlfn.XLOOKUP(N124,Attendance!F:F,Attendance!J:J) -> OJT 2 | R124: =_xlfn.LET( _xlpm.pool, IFERROR(Q124&"", ""), _xlpm.conv, IFERROR(--P124, 0), _xlpm.mkt, O125="Working Day", IF(_xlpm.pool="1", IF(_xlpm.mkt, IF(_xlpm.conv>=12,700,IF(_xlpm.conv>=8,300,0)), IF(_xlpm.conv>=7,700,IF(_xlpm.conv>=4,300,0))), IF(_xlpm.pool="Meta", IF(_xlpm.mkt, IF(_xlpm.conv>=6,700,IF(_xlpm.conv>=4,400,0)), IF(_xlpm.conv>=4,700,IF(_xlpm.conv>=3,400,0))), IF(_xlpm.mkt, IF(_xlpm.conv>=5,700,IF(_xlpm.conv>=3,500,0)), IF(_xlpm.conv>=3,700,IF(_xlpm.conv>=2,500,0))) ))) -> 0
... A283: B146079 | B283: Traded Conversions | C283: sachin.g@nexora.live | D283: 46218.542 | E283: =INT(D283) -> 46218 | F283: MAIN WEBSITE (HOT) | G283: =_xlfn.XLOOKUP(A283,FTD!A:A,FTD!C:C) -> 10000 | H283: {=_xlfn.LET( _xlpm.s, TRIM(F283), _xlpm.p, _xlfn.LAMBDA(_xlpm.x, LEFT(_xlpm.s, LEN(_xlpm.x)) = _xlpm.x), _xlfn.IFS( _xlpm.p("meta6"), 1, _xlpm.p("meta"), 3, _xlpm.p("ref"), 3, OR(_xlpm.p("telegram"), _xlpm.p("instagram"), _xlpm.p("stock meme"), _xlpm.p("gx")), 2, OR(_xlpm.p("application"), _xlpm.p("main website"), _xlpm.p("direct (hot)"), _xlpm.p("sunil"), _xlpm.p("prs"), _xlpm.p("invst (hot)")), 1, TRUE, 2 ) )} -> 1 | I283: =_xlfn.XLOOKUP(E283,Calendar!C:C,Calendar!B:B) -> Working Day | M283: 46217 | N283: anjali@nexora.live | O283: Working Day | P283: 2 | Q283: =_xlfn.XLOOKUP(N283,Attendance!F:F,Attendance!J:J) -> Meta | R283: =_xlfn.LET( _xlpm.pool, IFERROR(Q283&"", ""), _xlpm.conv, IFERROR(--P283, 0), _xlpm.mkt, O284="Working Day", IF(_xlpm.pool="1", IF(_xlpm.mkt, IF(_xlpm.conv>=12,700,IF(_xlpm.conv>=8,300,0)), IF(_xlpm.conv>=7,700,IF(_xlpm.conv>=4,300,0))), IF(_xlpm.pool="Meta", IF(_xlpm.mkt, IF(_xlpm.conv>=6,700,IF(_xlpm.conv>=4,400,0)), IF(_xlpm.conv>=4,700,IF(_xlpm.conv>=3,400,0))), IF(_xlpm.mkt, IF(_xlpm.conv>=5,700,IF(_xlpm.conv>=3,500,0)), IF(_xlpm.conv>=3,700,IF(_xlpm.conv>=2,500,0))) ))) -> 0
A284: R143955 | B284: Traded Conversions | C284: deepa.negi@nexora.live | D284: 46218.511 | E284: =INT(D284) -> 46218 | G284: =_xlfn.XLOOKUP(A284,FTD!A:A,FTD!C:C) -> 1000 | H284: {=_xlfn.LET( _xlpm.s, TRIM(F284), _xlpm.p, _xlfn.LAMBDA(_xlpm.x, LEFT(_xlpm.s, LEN(_xlpm.x)) = _xlpm.x), _xlfn.IFS( _xlpm.p("meta6"), 1, _xlpm.p("meta"), 3, _xlpm.p("ref"), 3, OR(_xlpm.p("telegram"), _xlpm.p("instagram"), _xlpm.p("stock meme"), _xlpm.p("gx")), 2, OR(_xlpm.p("application"), _xlpm.p("main website"), _xlpm.p("direct (hot)"), _xlpm.p("sunil"), _xlpm.p("prs"), _xlpm.p("invst (hot)")), 1, TRUE, 2 ) )} -> 2 | I284: =_xlfn.XLOOKUP(E284,Calendar!C:C,Calendar!B:B) -> Working Day | M284: 46217 | N284: ashutosh@nexora.live | O284: Working Day | P284: 3 | Q284: =_xlfn.XLOOKUP(N284,Attendance!F:F,Attendance!J:J) -> 1 | R284: =_xlfn.LET( _xlpm.pool, IFERROR(Q284&"", ""), _xlpm.conv, IFERROR(--P284, 0), _xlpm.mkt, O285="Working Day", IF(_xlpm.pool="1", IF(_xlpm.mkt, IF(_xlpm.conv>=12,700,IF(_xlpm.conv>=8,300,0)), IF(_xlpm.conv>=7,700,IF(_xlpm.conv>=4,300,0))), IF(_xlpm.pool="Meta", IF(_xlpm.mkt, IF(_xlpm.conv>=6,700,IF(_xlpm.conv>=4,400,0)), IF(_xlpm.conv>=4,700,IF(_xlpm.conv>=3,400,0))), IF(_xlpm.mkt, IF(_xlpm.conv>=5,700,IF(_xlpm.conv>=3,500,0)), IF(_xlpm.conv>=3,700,IF(_xlpm.conv>=2,500,0))) ))) -> 0
A285: M146482 | B285: Traded Conversions | C285: sachin.g@nexora.live | D285: 46219.482 | E285: =INT(D285) -> 46219 | F285: MAIN WEBSITE (HOT) | G285: =_xlfn.XLOOKUP(A285,FTD!A:A,FTD!C:C) -> 10000 | H285: {=_xlfn.LET( _xlpm.s, TRIM(F285), _xlpm.p, _xlfn.LAMBDA(_xlpm.x, LEFT(_xlpm.s, LEN(_xlpm.x)) = _xlpm.x), _xlfn.IFS( _xlpm.p("meta6"), 1, _xlpm.p("meta"), 3, _xlpm.p("ref"), 3, OR(_xlpm.p("telegram"), _xlpm.p("instagram"), _xlpm.p("stock meme"), _xlpm.p("gx")), 2, OR(_xlpm.p("application"), _xlpm.p("main website"), _xlpm.p("direct (hot)"), _xlpm.p("sunil"), _xlpm.p("prs"), _xlpm.p("invst (hot)")), 1, TRUE, 2 ) )} -> 1 | I285: =_xlfn.XLOOKUP(E285,Calendar!C:C,Calendar!B:B) -> Working Day | M285: 46217 | N285: chandan.y@nexora.live | O285: Working Day | P285: 2 | Q285: =_xlfn.XLOOKUP(N285,Attendance!F:F,Attendance!J:J) -> #N/A | R285: =_xlfn.LET( _xlpm.pool, IFERROR(Q285&"", ""), _xlpm.conv, IFERROR(--P285, 0), _xlpm.mkt, O286="Working Day", IF(_xlpm.pool="1", IF(_xlpm.mkt, IF(_xlpm.conv>=12,700,IF(_xlpm.conv>=8,300,0)), IF(_xlpm.conv>=7,700,IF(_xlpm.conv>=4,300,0))), IF(_xlpm.pool="Meta", IF(_xlpm.mkt, IF(_xlpm.conv>=6,700,IF(_xlpm.conv>=4,400,0)), IF(_xlpm.conv>=4,700,IF(_xlpm.conv>=3,400,0))), IF(_xlpm.mkt, IF(_xlpm.conv>=5,700,IF(_xlpm.conv>=3,500,0)), IF(_xlpm.conv>=3,700,IF(_xlpm.conv>=2,500,0))) ))) -> 0
A286: H149114 | B286: Traded Conversions | C286: nair@nexora.live | D286: 46226.436 | E286: =INT(D286) -> 46226 | F286: MAIN WEBSITE (HOT) | G286: =_xlfn.XLOOKUP(A286,FTD!A:A,FTD!C:C) -> 24000 | H286: {=_xlfn.LET( _xlpm.s, TRIM(F286), _xlpm.p, _xlfn.LAMBDA(_xlpm.x, LEFT(_xlpm.s, LEN(_xlpm.x)) = _xlpm.x), _xlfn.IFS( _xlpm.p("meta6"), 1, _xlpm.p("meta"), 3, _xlpm.p("ref"), 3, OR(_xlpm.p("telegram"), _xlpm.p("instagram"), _xlpm.p("stock meme"), _xlpm.p("gx")), 2, OR(_xlpm.p("application"), _xlpm.p("main website"), _xlpm.p("direct (hot)"), _xlpm.p("sunil"), _xlpm.p("prs"), _xlpm.p("invst (hot)")), 1, TRUE, 2 ) )} -> 1 | I286: =_xlfn.XLOOKUP(E286,Calendar!C:C,Calendar!B:B) -> Working Day | M286: 46217 | N286: deepa.negi@nexora.live | O286: Working Day | P286: 4 | Q286: =_xlfn.XLOOKUP(N286,Attendance!F:F,Attendance!J:J) -> Meta | R286: =_xlfn.LET( _xlpm.pool, IFERROR(Q286&"", ""), _xlpm.conv, IFERROR(--P286, 0), _xlpm.mkt, O287="Working Day", IF(_xlpm.pool="1", IF(_xlpm.mkt, IF(_xlpm.conv>=12,700,IF(_xlpm.conv>=8,300,0)), IF(_xlpm.conv>=7,700,IF(_xlpm.conv>=4,300,0))), IF(_xlpm.pool="Meta", IF(_xlpm.mkt, IF(_xlpm.conv>=6,700,IF(_xlpm.conv>=4,400,0)), IF(_xlpm.conv>=4,700,IF(_xlpm.conv>=3,400,0))), IF(_xlpm.mkt, IF(_xlpm.conv>=5,700,IF(_xlpm.conv>=3,500,0)), IF(_xlpm.conv>=3,700,IF(_xlpm.conv>=2,500,0))) ))) -> 400
A287: M148023 | B287: Traded Conversions | C287: shubham.a@nexora.live | D287: 46223.507 | E287: =INT(D287) -> 46223 | F287: Referral (HOT) | G287: =_xlfn.XLOOKUP(A287,FTD!A:A,FTD!C:C) -> 1000 | H287: {=_xlfn.LET( _xlpm.s, TRIM(F287), _xlpm.p, _xlfn.LAMBDA(_xlpm.x, LEFT(_xlpm.s, LEN(_xlpm.x)) = _xlpm.x), _xlfn.IFS( _xlpm.p("meta6"), 1, _xlpm.p("meta"), 3, _xlpm.p("ref"), 3, OR(_xlpm.p("telegram"), _xlpm.p("instagram"), _xlpm.p("stock meme"), _xlpm.p("gx")), 2, OR(_xlpm.p("application"), _xlpm.p("main website"), _xlpm.p("direct (hot)"), _xlpm.p("sunil"), _xlpm.p("prs"), _xlpm.p("invst (hot)")), 1, TRUE, 2 ) )} -> 3 | I287: =_xlfn.XLOOKUP(E287,Calendar!C:C,Calendar!B:B) -> Working Day | M287: 46217 | N287: deepraj@nexora.live | O287: Working Day | P287: 1 | Q287: =_xlfn.XLOOKUP(N287,Attendance!F:F,Attendance!J:J) -> New OJT | R287: =_xlfn.LET( _xlpm.pool, IFERROR(Q287&"", ""), _xlpm.conv, IFERROR(--P287, 0), _xlpm.mkt, O288="Working Day", IF(_xlpm.pool="1", IF(_xlpm.mkt, IF(_xlpm.conv>=12,700,IF(_xlpm.conv>=8,300,0)), IF(_xlpm.conv>=7,700,IF(_xlpm.conv>=4,300,0))), IF(_xlpm.pool="Meta", IF(_xlpm.mkt, IF(_xlpm.conv>=6,700,IF(_xlpm.conv>=4,400,0)), IF(_xlpm.conv>=4,700,IF(_xlpm.conv>=3,400,0))), IF(_xlpm.mkt, IF(_xlpm.conv>=5,700,IF(_xlpm.conv>=3,500,0)), IF(_xlpm.conv>=3,700,IF(_xlpm.conv>=2,500,0))) ))) -> 0
A288: P139422 | B288: Traded Conversions | C288: ankita@nexora.live | D288: 46209.551 | E288: =INT(D288) -> 46209 | F288: Meta6 | G288: =_xlfn.XLOOKUP(A288,FTD!A:A,FTD!C:C) -> 2000 | H288: {=_xlfn.LET( _xlpm.s, TRIM(F288), _xlpm.p, _xlfn.LAMBDA(_xlpm.x, LEFT(_xlpm.s, LEN(_xlpm.x)) = _xlpm.x), _xlfn.IFS( _xlpm.p("meta6"), 1, _xlpm.p("meta"), 3, _xlpm.p("ref"), 3, OR(_xlpm.p("telegram"), _xlpm.p("instagram"), _xlpm.p("stock meme"), _xlpm.p("gx")), 2, OR(_xlpm.p("application"), _xlpm.p("main website"), _xlpm.p("direct (hot)"), _xlpm.p("sunil"), _xlpm.p("prs"), _xlpm.p("invst (hot)")), 1, TRUE, 2 ) )} -> 1 | I288: =_xlfn.XLOOKUP(E288,Calendar!C:C,Calendar!B:B) -> Working Day | M288: 46217 | N288: divya.d@nexora.live | O288: Working Day | P288: 1 | Q288: =_xlfn.XLOOKUP(N288,Attendance!F:F,Attendance!J:J) -> New OJT | R288: =_xlfn.LET( _xlpm.pool, IFERROR(Q288&"", ""), _xlpm.conv, IFERROR(--P288, 0), _xlpm.mkt, O289="Working Day", IF(_xlpm.pool="1", IF(_xlpm.mkt, IF(_xlpm.conv>=12,700,IF(_xlpm.conv>=8,300,0)), IF(_xlpm.conv>=7,700,IF(_xlpm.conv>=4,300,0))), IF(_xlpm.pool="Meta", IF(_xlpm.mkt, IF(_xlpm.conv>=6,700,IF(_xlpm.conv>=4,400,0)), IF(_xlpm.conv>=4,700,IF(_xlpm.conv>=3,400,0))), IF(_xlpm.mkt, IF(_xlpm.conv>=5,700,IF(_xlpm.conv>=3,500,0)), IF(_xlpm.conv>=3,700,IF(_xlpm.conv>=2,500,0))) ))) -> 0
A289: P110973 | B289: Traded Conversions | C289: aamir@nexora.live | D289: 46218.906 | E289: =INT(D289) -> 46218 | F289: META6 | G289: =_xlfn.XLOOKUP(A289,FTD!A:A,FTD!C:C) -> 1000 | H289: {=_xlfn.LET( _xlpm.s, TRIM(F289), _xlpm.p, _xlfn.LAMBDA(_xlpm.x, LEFT(_xlpm.s, LEN(_xlpm.x)) = _xlpm.x), _xlfn.IFS( _xlpm.p("meta6"), 1, _xlpm.p("meta"), 3, _xlpm.p("ref"), 3, OR(_xlpm.p("telegram"), _xlpm.p("instagram"), _xlpm.p("stock meme"), _xlpm.p("gx")), 2, OR(_xlpm.p("application"), _xlpm.p("main website"), _xlpm.p("direct (hot)"), _xlpm.p("sunil"), _xlpm.p("prs"), _xlpm.p("invst (hot)")), 1, TRUE, 2 ) )} -> 1 | I289: =_xlfn.XLOOKUP(E289,Calendar!C:C,Calendar!B:B) -> Working Day | M289: 46217 | N289: fahrukh@nexora.live | O289: Working Day | P289: 1 | Q289: =_xlfn.XLOOKUP(N289,Attendance!F:F,Attendance!J:J) -> Meta | R289: =_xlfn.LET( _xlpm.pool, IFERROR(Q289&"", ""), _xlpm.conv, IFERROR(--P289, 0), _xlpm.mkt, O290="Working Day", IF(_xlpm.pool="1", IF(_xlpm.mkt, IF(_xlpm.conv>=12,700,IF(_xlpm.conv>=8,300,0)), IF(_xlpm.conv>=7,700,IF(_xlpm.conv>=4,300,0))), IF(_xlpm.pool="Meta", IF(_xlpm.mkt, IF(_xlpm.conv>=6,700,IF(_xlpm.conv>=4,400,0)), IF(_xlpm.conv>=4,700,IF(_xlpm.conv>=3,400,0))), IF(_xlpm.mkt, IF(_xlpm.conv>=5,700,IF(_xlpm.conv>=3,500,0)), IF(_xlpm.conv>=3,700,IF(_xlpm.conv>=2,500,0))) ))) -> 0
A290: V146262 | B290: Traded Conversions | C290: divya.d@nexora.live | D290: 46218.829 | E290: =INT(D290) -> 46218 | F290: Referral (HOT) | G290: =_xlfn.XLOOKUP(A290,FTD!A:A,FTD!C:C) -> 1200 | H290: {=_xlfn.LET( _xlpm.s, TRIM(F290), _xlpm.p, _xlfn.LAMBDA(_xlpm.x, LEFT(_xlpm.s, LEN(_xlpm.x)) = _xlpm.x), _xlfn.IFS( _xlpm.p("meta6"), 1, _xlpm.p("meta"), 3, _xlpm.p("ref"), 3, OR(_xlpm.p("telegram"), _xlpm.p("instagram"), _xlpm.p("stock meme"), _xlpm.p("gx")), 2, OR(_xlpm.p("application"), _xlpm.p("main website"), _xlpm.p("direct (hot)"), _xlpm.p("sunil"), _xlpm.p("prs"), _xlpm.p("invst (hot)")), 1, TRUE, 2 ) )} -> 3 | I290: =_xlfn.XLOOKUP(E290,Calendar!C:C,Calendar!B:B) -> Working Day | M290: 46217 | N290: haresh@nexora.live | O290: Working Day | P290: 1 | Q290: =_xlfn.XLOOKUP(N290,Attendance!F:F,Attendance!J:J) -> Meta | R290: =_xlfn.LET( _xlpm.pool, IFERROR(Q290&"", ""), _xlpm.conv, IFERROR(--P290, 0), _xlpm.mkt, O291="Working Day", IF(_xlpm.pool="1", IF(_xlpm.mkt, IF(_xlpm.conv>=12,700,IF(_xlpm.conv>=8,300,0)), IF(_xlpm.conv>=7,700,IF(_xlpm.conv>=4,300,0))), IF(_xlpm.pool="Meta", IF(_xlpm.mkt, IF(_xlpm.conv>=6,700,IF(_xlpm.conv>=4,400,0)), IF(_xlpm.conv>=4,700,IF(_xlpm.conv>=3,400,0))), IF(_xlpm.mkt, IF(_xlpm.conv>=5,700,IF(_xlpm.conv>=3,500,0)), IF(_xlpm.conv>=3,700,IF(_xlpm.conv>=2,500,0))) ))) -> 0
A291: A145679 | B291: Traded Conversions | C291: waman@nexora.live | D291: 46217.444 | E291: =INT(D291) -> 46217 | F291: MAIN WEBSITE (HOT) | G291: =_xlfn.XLOOKUP(A291,FTD!A:A,FTD!C:C) -> 1000 | H291: {=_xlfn.LET( _xlpm.s, TRIM(F291), _xlpm.p, _xlfn.LAMBDA(_xlpm.x, LEFT(_xlpm.s, LEN(_xlpm.x)) = _xlpm.x), _xlfn.IFS( _xlpm.p("meta6"), 1, _xlpm.p("meta"), 3, _xlpm.p("ref"), 3, OR(_xlpm.p("telegram"), _xlpm.p("instagram"), _xlpm.p("stock meme"), _xlpm.p("gx")), 2, OR(_xlpm.p("application"), _xlpm.p("main website"), _xlpm.p("direct (hot)"), _xlpm.p("sunil"), _xlpm.p("prs"), _xlpm.p("invst (hot)")), 1, TRUE, 2 ) )} -> 1 | I291: =_xlfn.XLOOKUP(E291,Calendar!C:C,Calendar!B:B) -> Working Day | M291: 46217 | N291: irfan@nexora.live | O291: Working Day | P291: 2 | Q291: =_xlfn.XLOOKUP(N291,Attendance!F:F,Attendance!J:J) -> Meta | R291: =_xlfn.LET( _xlpm.pool, IFERROR(Q291&"", ""), _xlpm.conv, IFERROR(--P291, 0), _xlpm.mkt, O292="Working Day", IF(_xlpm.pool="1", IF(_xlpm.mkt, IF(_xlpm.conv>=12,700,IF(_xlpm.conv>=8,300,0)), IF(_xlpm.conv>=7,700,IF(_xlpm.conv>=4,300,0))), IF(_xlpm.pool="Meta", IF(_xlpm.mkt, IF(_xlpm.conv>=6,700,IF(_xlpm.conv>=4,400,0)), IF(_xlpm.conv>=4,700,IF(_xlpm.conv>=3,400,0))), IF(_xlpm.mkt, IF(_xlpm.conv>=5,700,IF(_xlpm.conv>=3,500,0)), IF(_xlpm.conv>=3,700,IF(_xlpm.conv>=2,500,0))) ))) -> 0
A292: B142642 | B292: Traded Conversions | C292: waman@nexora.live | D292: 46216.938 | E292: =INT(D292) -> 46216 | F292: Referral (HOT) | G292: =_xlfn.XLOOKUP(A292,FTD!A:A,FTD!C:C) -> 6000 | H292: {=_xlfn.LET( _xlpm.s, TRIM(F292), _xlpm.p, _xlfn.LAMBDA(_xlpm.x, LEFT(_xlpm.s, LEN(_xlpm.x)) = _xlpm.x), _xlfn.IFS( _xlpm.p("meta6"), 1, _xlpm.p("meta"), 3, _xlpm.p("ref"), 3, OR(_xlpm.p("telegram"), _xlpm.p("instagram"), _xlpm.p("stock meme"), _xlpm.p("gx")), 2, OR(_xlpm.p("application"), _xlpm.p("main website"), _xlpm.p("direct (hot)"), _xlpm.p("sunil"), _xlpm.p("prs"), _xlpm.p("invst (hot)")), 1, TRUE, 2 ) )} -> 3 | I292: =_xlfn.XLOOKUP(E292,Calendar!C:C,Calendar!B:B) -> Working Day | M292: 46217 | N292: kawaljit.k@nexora.live | O292: Working Day | P292: 3 | Q292: =_xlfn.XLOOKUP(N292,Attendance!F:F,Attendance!J:J) -> Meta | R292: =_xlfn.LET( _xlpm.pool, IFERROR(Q292&"", ""), _xlpm.conv, IFERROR(--P292, 0), _xlpm.mkt, O293="Working Day", IF(_xlpm.pool="1", IF(_xlpm.mkt, IF(_xlpm.conv>=12,700,IF(_xlpm.conv>=8,300,0)), IF(_xlpm.conv>=7,700,IF(_xlpm.conv>=4,300,0))), IF(_xlpm.pool="Meta", IF(_xlpm.mkt, IF(_xlpm.conv>=6,700,IF(_xlpm.conv>=4,400,0)), IF(_xlpm.conv>=4,700,IF(_xlpm.conv>=3,400,0))), IF(_xlpm.mkt, IF(_xlpm.conv>=5,700,IF(_xlpm.conv>=3,500,0)), IF(_xlpm.conv>=3,700,IF(_xlpm.conv>=2,500,0))) ))) -> 0
A293: K145716 | B293: Traded Conversions | C293: abhishek.k@nexora.live | D293: 46217.558 | E293: =INT(D293) -> 46217 | F293: Telegram ads | G293: =_xlfn.XLOOKUP(A293,FTD!A:A,FTD!C:C) -> 1000 | H293: {=_xlfn.LET( _xlpm.s, TRIM(F293), _xlpm.p, _xlfn.LAMBDA(_xlpm.x, LEFT(_xlpm.s, LEN(_xlpm.x)) = _xlpm.x), _xlfn.IFS( _xlpm.p("meta6"), 1, _xlpm.p("meta"), 3, _xlpm.p("ref"), 3, OR(_xlpm.p("telegram"), _xlpm.p("instagram"), _xlpm.p("stock meme"), _xlpm.p("gx")), 2, OR(_xlpm.p("application"), _xlpm.p("main website"), _xlpm.p("direct (hot)"), _xlpm.p("sunil"), _xlpm.p("prs"), _xlpm.p("invst (hot)")), 1, TRUE, 2 ) )} -> 2 | I293: =_xlfn.XLOOKUP(E293,Calendar!C:C,Calendar!B:B) -> Working Day | M293: 46217 | N293: mitali@nexora.live | O293: Working Day | P293: 2 | Q293: =_xlfn.XLOOKUP(N293,Attendance!F:F,Attendance!J:J) -> Telegram | R293: =_xlfn.LET( _xlpm.pool, IFERROR(Q293&"", ""), _xlpm.conv, IFERROR(--P293, 0), _xlpm.mkt, O294="Working Day", IF(_xlpm.pool="1", IF(_xlpm.mkt, IF(_xlpm.conv>=12,700,IF(_xlpm.conv>=8,300,0)), IF(_xlpm.conv>=7,700,IF(_xlpm.conv>=4,300,0))), IF(_xlpm.pool="Meta", IF(_xlpm.mkt, IF(_xlpm.conv>=6,700,IF(_xlpm.conv>=4,400,0)), IF(_xlpm.conv>=4,700,IF(_xlpm.conv>=3,400,0))), IF(_xlpm.mkt, IF(_xlpm.conv>=5,700,IF(_xlpm.conv>=3,500,0)), IF(_xlpm.conv>=3,700,IF(_xlpm.conv>=2,500,0))) ))) -> 0
A294: K139447 | B294: Traded Conversions | C294: shambu@nexora.live | D294: 46210.582 | E294: =INT(D294) -> 46210 | F294: Meta6 | G294: =_xlfn.XLOOKUP(A294,FTD!A:A,FTD!C:C) -> 1000 | H294: {=_xlfn.LET( _xlpm.s, TRIM(F294), _xlpm.p, _xlfn.LAMBDA(_xlpm.x, LEFT(_xlpm.s, LEN(_xlpm.x)) = _xlpm.x), _xlfn.IFS( _xlpm.p("meta6"), 1, _xlpm.p("meta"), 3, _xlpm.p("ref"), 3, OR(_xlpm.p("telegram"), _xlpm.p("instagram"), _xlpm.p("stock meme"), _xlpm.p("gx")), 2, OR(_xlpm.p("application"), _xlpm.p("main website"), _xlpm.p("direct (hot)"), _xlpm.p("sunil"), _xlpm.p("prs"), _xlpm.p("invst (hot)")), 1, TRUE, 2 ) )} -> 1 | I294: =_xlfn.XLOOKUP(E294,Calendar!C:C,Calendar!B:B) -> Working Day | M294: 46217 | N294: monika@nexora.live | O294: Working Day | P294: 2 | Q294: =_xlfn.XLOOKUP(N294,Attendance!F:F,Attendance!J:J) -> #N/A | R294: =_xlfn.LET( _xlpm.pool, IFERROR(Q294&"", ""), _xlpm.conv, IFERROR(--P294, 0), _xlpm.mkt, O295="Working Day", IF(_xlpm.pool="1", IF(_xlpm.mkt, IF(_xlpm.conv>=12,700,IF(_xlpm.conv>=8,300,0)), IF(_xlpm.conv>=7,700,IF(_xlpm.conv>=4,300,0))), IF(_xlpm.pool="Meta", IF(_xlpm.mkt, IF(_xlpm.conv>=6,700,IF(_xlpm.conv>=4,400,0)), IF(_xlpm.conv>=4,700,IF(_xlpm.conv>=3,400,0))), IF(_xlpm.mkt, IF(_xlpm.conv>=5,700,IF(_xlpm.conv>=3,500,0)), IF(_xlpm.conv>=3,700,IF(_xlpm.conv>=2,500,0))) ))) -> 0
A295: M151452 | B295: Traded Conversions | C295: sushil@nexora.live | D295: 46233.475 | E295: =INT(D295) -> 46233 | F295: MAIN WEBSITE (HOT) | G295: =_xlfn.XLOOKUP(A295,FTD!A:A,FTD!C:C) -> 50000 | H295: {=_xlfn.LET( _xlpm.s, TRIM(F295), _xlpm.p, _xlfn.LAMBDA(_xlpm.x, LEFT(_xlpm.s, LEN(_xlpm.x)) = _xlpm.x), _xlfn.IFS( _xlpm.p("meta6"), 1, _xlpm.p("meta"), 3, _xlpm.p("ref"), 3, OR(_xlpm.p("telegram"), _xlpm.p("instagram"), _xlpm.p("stock meme"), _xlpm.p("gx")), 2, OR(_xlpm.p("application"), _xlpm.p("main website"), _xlpm.p("direct (hot)"), _xlpm.p("sunil"), _xlpm.p("prs"), _xlpm.p("invst (hot)")), 1, TRUE, 2 ) )} -> 1 | I295: =_xlfn.XLOOKUP(E295,Calendar!C:C,Calendar!B:B) -> Working Day | M295: 46217 | N295: nair@nexora.live | O295: Working Day | P295: 1 | Q295: =_xlfn.XLOOKUP(N295,Attendance!F:F,Attendance!J:J) -> 1 | R295: =_xlfn.LET( _xlpm.pool, IFERROR(Q295&"", ""), _xlpm.conv, IFERROR(--P295, 0), _xlpm.mkt, O296="Working Day", IF(_xlpm.pool="1", IF(_xlpm.mkt, IF(_xlpm.conv>=12,700,IF(_xlpm.conv>=8,300,0)), IF(_xlpm.conv>=7,700,IF(_xlpm.conv>=4,300,0))), IF(_xlpm.pool="Meta", IF(_xlpm.mkt, IF(_xlpm.conv>=6,700,IF(_xlpm.conv>=4,400,0)), IF(_xlpm.conv>=4,700,IF(_xlpm.conv>=3,400,0))), IF(_xlpm.mkt, IF(_xlpm.conv>=5,700,IF(_xlpm.conv>=3,500,0)), IF(_xlpm.conv>=3,700,IF(_xlpm.conv>=2,500,0))) ))) -> 0
A296: N147989 | B296: Traded Conversions | C296: kawaljit.k@nexora.live | D296: 46223.5 | E296: =INT(D296) -> 46223 | F296: MAIN WEBSITE (HOT) C | G296: =_xlfn.XLOOKUP(A296,FTD!A:A,FTD!C:C) -> 1000 | H296: {=_xlfn.LET( _xlpm.s, TRIM(F296), _xlpm.p, _xlfn.LAMBDA(_xlpm.x, LEFT(_xlpm.s, LEN(_xlpm.x)) = _xlpm.x), _xlfn.IFS( _xlpm.p("meta6"), 1, _xlpm.p("meta"), 3, _xlpm.p("ref"), 3, OR(_xlpm.p("telegram"), _xlpm.p("instagram"), _xlpm.p("stock meme"), _xlpm.p("gx")), 2, OR(_xlpm.p("application"), _xlpm.p("main website"), _xlpm.p("direct (hot)"), _xlpm.p("sunil"), _xlpm.p("prs"), _xlpm.p("invst (hot)")), 1, TRUE, 2 ) )} -> 1 | I296: =_xlfn.XLOOKUP(E296,Calendar!C:C,Calendar!B:B) -> Working Day | M296: 46217 | N296: oreen@nexora.live | O296: Working Day | P296: 1 | Q296: =_xlfn.XLOOKUP(N296,Attendance!F:F,Attendance!J:J) -> OLD OJT | R296: =_xlfn.LET( _xlpm.pool, IFERROR(Q296&"", ""), _xlpm.conv, IFERROR(--P296, 0), _xlpm.mkt, O297="Working Day", IF(_xlpm.pool="1", IF(_xlpm.mkt, IF(_xlpm.conv>=12,700,IF(_xlpm.conv>=8,300,0)), IF(_xlpm.conv>=7,700,IF(_xlpm.conv>=4,300,0))), IF(_xlpm.pool="Meta", IF(_xlpm.mkt, IF(_xlpm.conv>=6,700,IF(_xlpm.conv>=4,400,0)), IF(_xlpm.conv>=4,700,IF(_xlpm.conv>=3,400,0))), IF(_xlpm.mkt, IF(_xlpm.conv>=5,700,IF(_xlpm.conv>=3,500,0)), IF(_xlpm.conv>=3,700,IF(_xlpm.conv>=2,500,0))) ))) -> 0
... A393: A140643 | B393: Traded Conversions | C393: abhishek.k@nexora.live | D393: 46206.759 | E393: =INT(D393) -> 46206 | F393: Meta6 | G393: =_xlfn.XLOOKUP(A393,FTD!A:A,FTD!C:C) -> 1000 | H393: {=_xlfn.LET( _xlpm.s, TRIM(F393), _xlpm.p, _xlfn.LAMBDA(_xlpm.x, LEFT(_xlpm.s, LEN(_xlpm.x)) = _xlpm.x), _xlfn.IFS( _xlpm.p("meta6"), 1, _xlpm.p("meta"), 3, _xlpm.p("ref"), 3, OR(_xlpm.p("telegram"), _xlpm.p("instagram"), _xlpm.p("stock meme"), _xlpm.p("gx")), 2, OR(_xlpm.p("application"), _xlpm.p("main website"), _xlpm.p("direct (hot)"), _xlpm.p("sunil"), _xlpm.p("prs"), _xlpm.p("invst (hot)")), 1, TRUE, 2 ) )} -> 1 | I393: =_xlfn.XLOOKUP(E393,Calendar!C:C,Calendar!B:B) -> Working Day | M393: 46220 | N393: vaibhav@nexora.live | O393: Working Day | P393: 2 | Q393: =_xlfn.XLOOKUP(N393,Attendance!F:F,Attendance!J:J) -> OJT 1 | R393: =_xlfn.LET( _xlpm.pool, IFERROR(Q393&"", ""), _xlpm.conv, IFERROR(--P393, 0), _xlpm.mkt, O394="Working Day", IF(_xlpm.pool="1", IF(_xlpm.mkt, IF(_xlpm.conv>=12,700,IF(_xlpm.conv>=8,300,0)), IF(_xlpm.conv>=7,700,IF(_xlpm.conv>=4,300,0))), IF(_xlpm.pool="Meta", IF(_xlpm.mkt, IF(_xlpm.conv>=6,700,IF(_xlpm.conv>=4,400,0)), IF(_xlpm.conv>=4,700,IF(_xlpm.conv>=3,400,0))), IF(_xlpm.mkt, IF(_xlpm.conv>=5,700,IF(_xlpm.conv>=3,500,0)), IF(_xlpm.conv>=3,700,IF(_xlpm.conv>=2,500,0))) ))) -> 0
A394: R142266 | B394: Traded Conversions | C394: kawaljit.k@nexora.live | D394: 46212.44 | E394: =INT(D394) -> 46212 | G394: =_xlfn.XLOOKUP(A394,FTD!A:A,FTD!C:C) -> 2000 | H394: {=_xlfn.LET( _xlpm.s, TRIM(F394), _xlpm.p, _xlfn.LAMBDA(_xlpm.x, LEFT(_xlpm.s, LEN(_xlpm.x)) = _xlpm.x), _xlfn.IFS( _xlpm.p("meta6"), 1, _xlpm.p("meta"), 3, _xlpm.p("ref"), 3, OR(_xlpm.p("telegram"), _xlpm.p("instagram"), _xlpm.p("stock meme"), _xlpm.p("gx")), 2, OR(_xlpm.p("application"), _xlpm.p("main website"), _xlpm.p("direct (hot)"), _xlpm.p("sunil"), _xlpm.p("prs"), _xlpm.p("invst (hot)")), 1, TRUE, 2 ) )} -> 2 | I394: =_xlfn.XLOOKUP(E394,Calendar!C:C,Calendar!B:B) -> Working Day | M394: 46220 | N394: vedant@nexora.live | O394: Working Day | P394: 2 | Q394: =_xlfn.XLOOKUP(N394,Attendance!F:F,Attendance!J:J) -> OLD OJT | R394: =_xlfn.LET( _xlpm.pool, IFERROR(Q394&"", ""), _xlpm.conv, IFERROR(--P394, 0), _xlpm.mkt, O395="Working Day", IF(_xlpm.pool="1", IF(_xlpm.mkt, IF(_xlpm.conv>=12,700,IF(_xlpm.conv>=8,300,0)), IF(_xlpm.conv>=7,700,IF(_xlpm.conv>=4,300,0))), IF(_xlpm.pool="Meta", IF(_xlpm.mkt, IF(_xlpm.conv>=6,700,IF(_xlpm.conv>=4,400,0)), IF(_xlpm.conv>=4,700,IF(_xlpm.conv>=3,400,0))), IF(_xlpm.mkt, IF(_xlpm.conv>=5,700,IF(_xlpm.conv>=3,500,0)), IF(_xlpm.conv>=3,700,IF(_xlpm.conv>=2,500,0))) ))) -> 0
A395: D151334 | B395: Traded Conversions | C395: sachin.g@nexora.live | D395: 46232.98 | E395: =INT(D395) -> 46232 | F395: MAIN WEBSITE (HOT) | G395: =_xlfn.XLOOKUP(A395,FTD!A:A,FTD!C:C) -> 1000 | H395: {=_xlfn.LET( _xlpm.s, TRIM(F395), _xlpm.p, _xlfn.LAMBDA(_xlpm.x, LEFT(_xlpm.s, LEN(_xlpm.x)) = _xlpm.x), _xlfn.IFS( _xlpm.p("meta6"), 1, _xlpm.p("meta"), 3, _xlpm.p("ref"), 3, OR(_xlpm.p("telegram"), _xlpm.p("instagram"), _xlpm.p("stock meme"), _xlpm.p("gx")), 2, OR(_xlpm.p("application"), _xlpm.p("main website"), _xlpm.p("direct (hot)"), _xlpm.p("sunil"), _xlpm.p("prs"), _xlpm.p("invst (hot)")), 1, TRUE, 2 ) )} -> 1 | I395: =_xlfn.XLOOKUP(E395,Calendar!C:C,Calendar!B:B) -> Working Day | M395: 46220 | N395: waman@nexora.live | O395: Working Day | P395: 2 | Q395: =_xlfn.XLOOKUP(N395,Attendance!F:F,Attendance!J:J) -> 1 | R395: =_xlfn.LET( _xlpm.pool, IFERROR(Q395&"", ""), _xlpm.conv, IFERROR(--P395, 0), _xlpm.mkt, O396="Working Day", IF(_xlpm.pool="1", IF(_xlpm.mkt, IF(_xlpm.conv>=12,700,IF(_xlpm.conv>=8,300,0)), IF(_xlpm.conv>=7,700,IF(_xlpm.conv>=4,300,0))), IF(_xlpm.pool="Meta", IF(_xlpm.mkt, IF(_xlpm.conv>=6,700,IF(_xlpm.conv>=4,400,0)), IF(_xlpm.conv>=4,700,IF(_xlpm.conv>=3,400,0))), IF(_xlpm.mkt, IF(_xlpm.conv>=5,700,IF(_xlpm.conv>=3,500,0)), IF(_xlpm.conv>=3,700,IF(_xlpm.conv>=2,500,0))) ))) -> 0
A396: R145681 | B396: Traded Conversions | C396: aamir@nexora.live | D396: 46217.643 | E396: =INT(D396) -> 46217 | F396: Referral (HOT) | G396: =_xlfn.XLOOKUP(A396,FTD!A:A,FTD!C:C) -> 5000 | H396: {=_xlfn.LET( _xlpm.s, TRIM(F396), _xlpm.p, _xlfn.LAMBDA(_xlpm.x, LEFT(_xlpm.s, LEN(_xlpm.x)) = _xlpm.x), _xlfn.IFS( _xlpm.p("meta6"), 1, _xlpm.p("meta"), 3, _xlpm.p("ref"), 3, OR(_xlpm.p("telegram"), _xlpm.p("instagram"), _xlpm.p("stock meme"), _xlpm.p("gx")), 2, OR(_xlpm.p("application"), _xlpm.p("main website"), _xlpm.p("direct (hot)"), _xlpm.p("sunil"), _xlpm.p("prs"), _xlpm.p("invst (hot)")), 1, TRUE, 2 ) )} -> 3 | I396: =_xlfn.XLOOKUP(E396,Calendar!C:C,Calendar!B:B) -> Working Day | M396: 46221 | N396: adharv@nexora.live | O396: Saturday | P396: 2 | Q396: =_xlfn.XLOOKUP(N396,Attendance!F:F,Attendance!J:J) -> Telegram | R396: =_xlfn.LET( _xlpm.pool, IFERROR(Q396&"", ""), _xlpm.conv, IFERROR(--P396, 0), _xlpm.mkt, O397="Working Day", IF(_xlpm.pool="1", IF(_xlpm.mkt, IF(_xlpm.conv>=12,700,IF(_xlpm.conv>=8,300,0)), IF(_xlpm.conv>=7,700,IF(_xlpm.conv>=4,300,0))), IF(_xlpm.pool="Meta", IF(_xlpm.mkt, IF(_xlpm.conv>=6,700,IF(_xlpm.conv>=4,400,0)), IF(_xlpm.conv>=4,700,IF(_xlpm.conv>=3,400,0))), IF(_xlpm.mkt, IF(_xlpm.conv>=5,700,IF(_xlpm.conv>=3,500,0)), IF(_xlpm.conv>=3,700,IF(_xlpm.conv>=2,500,0))) ))) -> 500
A397: R84239 | B397: Traded Conversions | C397: suresh@nexora.live | D397: 46218.701 | E397: =INT(D397) -> 46218 | F397: META-E | G397: =_xlfn.XLOOKUP(A397,FTD!A:A,FTD!C:C) -> 1000 | H397: {=_xlfn.LET( _xlpm.s, TRIM(F397), _xlpm.p, _xlfn.LAMBDA(_xlpm.x, LEFT(_xlpm.s, LEN(_xlpm.x)) = _xlpm.x), _xlfn.IFS( _xlpm.p("meta6"), 1, _xlpm.p("meta"), 3, _xlpm.p("ref"), 3, OR(_xlpm.p("telegram"), _xlpm.p("instagram"), _xlpm.p("stock meme"), _xlpm.p("gx")), 2, OR(_xlpm.p("application"), _xlpm.p("main website"), _xlpm.p("direct (hot)"), _xlpm.p("sunil"), _xlpm.p("prs"), _xlpm.p("invst (hot)")), 1, TRUE, 2 ) )} -> 3 | I397: =_xlfn.XLOOKUP(E397,Calendar!C:C,Calendar!B:B) -> Working Day | M397: 46221 | N397: alina@nexora.live | O397: Saturday | P397: 1 | Q397: =_xlfn.XLOOKUP(N397,Attendance!F:F,Attendance!J:J) -> Telegram | R397: =_xlfn.LET( _xlpm.pool, IFERROR(Q397&"", ""), _xlpm.conv, IFERROR(--P397, 0), _xlpm.mkt, O398="Working Day", IF(_xlpm.pool="1", IF(_xlpm.mkt, IF(_xlpm.conv>=12,700,IF(_xlpm.conv>=8,300,0)), IF(_xlpm.conv>=7,700,IF(_xlpm.conv>=4,300,0))), IF(_xlpm.pool="Meta", IF(_xlpm.mkt, IF(_xlpm.conv>=6,700,IF(_xlpm.conv>=4,400,0)), IF(_xlpm.conv>=4,700,IF(_xlpm.conv>=3,400,0))), IF(_xlpm.mkt, IF(_xlpm.conv>=5,700,IF(_xlpm.conv>=3,500,0)), IF(_xlpm.conv>=3,700,IF(_xlpm.conv>=2,500,0))) ))) -> 0
A398: R145722 | B398: Traded Conversions | C398: kawaljit.k@nexora.live | D398: 46217.549 | E398: =INT(D398) -> 46217 | F398: Referral (HOT) | G398: =_xlfn.XLOOKUP(A398,FTD!A:A,FTD!C:C) -> 1000 | H398: {=_xlfn.LET( _xlpm.s, TRIM(F398), _xlpm.p, _xlfn.LAMBDA(_xlpm.x, LEFT(_xlpm.s, LEN(_xlpm.x)) = _xlpm.x), _xlfn.IFS( _xlpm.p("meta6"), 1, _xlpm.p("meta"), 3, _xlpm.p("ref"), 3, OR(_xlpm.p("telegram"), _xlpm.p("instagram"), _xlpm.p("stock meme"), _xlpm.p("gx")), 2, OR(_xlpm.p("application"), _xlpm.p("main website"), _xlpm.p("direct (hot)"), _xlpm.p("sunil"), _xlpm.p("prs"), _xlpm.p("invst (hot)")), 1, TRUE, 2 ) )} -> 3 | I398: =_xlfn.XLOOKUP(E398,Calendar!C:C,Calendar!B:B) -> Working Day | M398: 46221 | N398: mitali@nexora.live | O398: Saturday | P398: 1 | Q398: =_xlfn.XLOOKUP(N398,Attendance!F:F,Attendance!J:J) -> Telegram | R398: =_xlfn.LET( _xlpm.pool, IFERROR(Q398&"", ""), _xlpm.conv, IFERROR(--P398, 0), _xlpm.mkt, O399="Working Day", IF(_xlpm.pool="1", IF(_xlpm.mkt, IF(_xlpm.conv>=12,700,IF(_xlpm.conv>=8,300,0)), IF(_xlpm.conv>=7,700,IF(_xlpm.conv>=4,300,0))), IF(_xlpm.pool="Meta", IF(_xlpm.mkt, IF(_xlpm.conv>=6,700,IF(_xlpm.conv>=4,400,0)), IF(_xlpm.conv>=4,700,IF(_xlpm.conv>=3,400,0))), IF(_xlpm.mkt, IF(_xlpm.conv>=5,700,IF(_xlpm.conv>=3,500,0)), IF(_xlpm.conv>=3,700,IF(_xlpm.conv>=2,500,0))) ))) -> 0
A399: A142564 | B399: Traded Conversions | C399: mitali@nexora.live | D399: 46226.496 | E399: =INT(D399) -> 46226 | F399: Meta6 | G399: =_xlfn.XLOOKUP(A399,FTD!A:A,FTD!C:C) -> 1000 | H399: {=_xlfn.LET( _xlpm.s, TRIM(F399), _xlpm.p, _xlfn.LAMBDA(_xlpm.x, LEFT(_xlpm.s, LEN(_xlpm.x)) = _xlpm.x), _xlfn.IFS( _xlpm.p("meta6"), 1, _xlpm.p("meta"), 3, _xlpm.p("ref"), 3, OR(_xlpm.p("telegram"), _xlpm.p("instagram"), _xlpm.p("stock meme"), _xlpm.p("gx")), 2, OR(_xlpm.p("application"), _xlpm.p("main website"), _xlpm.p("direct (hot)"), _xlpm.p("sunil"), _xlpm.p("prs"), _xlpm.p("invst (hot)")), 1, TRUE, 2 ) )} -> 1 | I399: =_xlfn.XLOOKUP(E399,Calendar!C:C,Calendar!B:B) -> Working Day | M399: 46221 | N399: prince@nexora.live | O399: Saturday | P399: 2 | Q399: =_xlfn.XLOOKUP(N399,Attendance!F:F,Attendance!J:J) -> 1 | R399: =_xlfn.LET( _xlpm.pool, IFERROR(Q399&"", ""), _xlpm.conv, IFERROR(--P399, 0), _xlpm.mkt, O400="Working Day", IF(_xlpm.pool="1", IF(_xlpm.mkt, IF(_xlpm.conv>=12,700,IF(_xlpm.conv>=8,300,0)), IF(_xlpm.conv>=7,700,IF(_xlpm.conv>=4,300,0))), IF(_xlpm.pool="Meta", IF(_xlpm.mkt, IF(_xlpm.conv>=6,700,IF(_xlpm.conv>=4,400,0)), IF(_xlpm.conv>=4,700,IF(_xlpm.conv>=3,400,0))), IF(_xlpm.mkt, IF(_xlpm.conv>=5,700,IF(_xlpm.conv>=3,500,0)), IF(_xlpm.conv>=3,700,IF(_xlpm.conv>=2,500,0))) ))) -> 0
A400: A142489 | B400: Traded Conversions | C400: sangita.m@nexora.live | D400: 46212.392 | E400: =INT(D400) -> 46212 | F400: Referral (HOT) | G400: =_xlfn.XLOOKUP(A400,FTD!A:A,FTD!C:C) -> 20000 | H400: {=_xlfn.LET( _xlpm.s, TRIM(F400), _xlpm.p, _xlfn.LAMBDA(_xlpm.x, LEFT(_xlpm.s, LEN(_xlpm.x)) = _xlpm.x), _xlfn.IFS( _xlpm.p("meta6"), 1, _xlpm.p("meta"), 3, _xlpm.p("ref"), 3, OR(_xlpm.p("telegram"), _xlpm.p("instagram"), _xlpm.p("stock meme"), _xlpm.p("gx")), 2, OR(_xlpm.p("application"), _xlpm.p("main website"), _xlpm.p("direct (hot)"), _xlpm.p("sunil"), _xlpm.p("prs"), _xlpm.p("invst (hot)")), 1, TRUE, 2 ) )} -> 3 | I400: =_xlfn.XLOOKUP(E400,Calendar!C:C,Calendar!B:B) -> Working Day | M400: 46221 | N400: shambu@nexora.live | O400: Saturday | P400: 1 | Q400: =_xlfn.XLOOKUP(N400,Attendance!F:F,Attendance!J:J) -> Telegram | R400: =_xlfn.LET( _xlpm.pool, IFERROR(Q400&"", ""), _xlpm.conv, IFERROR(--P400, 0), _xlpm.mkt, O401="Working Day", IF(_xlpm.pool="1", IF(_xlpm.mkt, IF(_xlpm.conv>=12,700,IF(_xlpm.conv>=8,300,0)), IF(_xlpm.conv>=7,700,IF(_xlpm.conv>=4,300,0))), IF(_xlpm.pool="Meta", IF(_xlpm.mkt, IF(_xlpm.conv>=6,700,IF(_xlpm.conv>=4,400,0)), IF(_xlpm.conv>=4,700,IF(_xlpm.conv>=3,400,0))), IF(_xlpm.mkt, IF(_xlpm.conv>=5,700,IF(_xlpm.conv>=3,500,0)), IF(_xlpm.conv>=3,700,IF(_xlpm.conv>=2,500,0))) ))) -> 0
A401: B141096 | B401: Traded Conversions | C401: kawaljit.k@nexora.live | D401: 46211.55 | E401: =INT(D401) -> 46211 | F401: Meta6 | G401: =_xlfn.XLOOKUP(A401,FTD!A:A,FTD!C:C) -> 1000 | H401: {=_xlfn.LET( _xlpm.s, TRIM(F401), _xlpm.p, _xlfn.LAMBDA(_xlpm.x, LEFT(_xlpm.s, LEN(_xlpm.x)) = _xlpm.x), _xlfn.IFS( _xlpm.p("meta6"), 1, _xlpm.p("meta"), 3, _xlpm.p("ref"), 3, OR(_xlpm.p("telegram"), _xlpm.p("instagram"), _xlpm.p("stock meme"), _xlpm.p("gx")), 2, OR(_xlpm.p("application"), _xlpm.p("main website"), _xlpm.p("direct (hot)"), _xlpm.p("sunil"), _xlpm.p("prs"), _xlpm.p("invst (hot)")), 1, TRUE, 2 ) )} -> 1 | I401: =_xlfn.XLOOKUP(E401,Calendar!C:C,Calendar!B:B) -> Working Day | M401: 46221 | N401: vedant@nexora.live | O401: Saturday | P401: 1 | Q401: =_xlfn.XLOOKUP(N401,Attendance!F:F,Attendance!J:J) -> OLD OJT | R401: =_xlfn.LET( _xlpm.pool, IFERROR(Q401&"", ""), _xlpm.conv, IFERROR(--P401, 0), _xlpm.mkt, O402="Working Day", IF(_xlpm.pool="1", IF(_xlpm.mkt, IF(_xlpm.conv>=12,700,IF(_xlpm.conv>=8,300,0)), IF(_xlpm.conv>=7,700,IF(_xlpm.conv>=4,300,0))), IF(_xlpm.pool="Meta", IF(_xlpm.mkt, IF(_xlpm.conv>=6,700,IF(_xlpm.conv>=4,400,0)), IF(_xlpm.conv>=4,700,IF(_xlpm.conv>=3,400,0))), IF(_xlpm.mkt, IF(_xlpm.conv>=5,700,IF(_xlpm.conv>=3,500,0)), IF(_xlpm.conv>=3,700,IF(_xlpm.conv>=2,500,0))) ))) -> 0
A402: S139611 | B402: Traded Conversions | C402: ankita@nexora.live | D402: 46212.718 | E402: =INT(D402) -> 46212 | F402: Meta6 | G402: =_xlfn.XLOOKUP(A402,FTD!A:A,FTD!C:C) -> 1100 | H402: {=_xlfn.LET( _xlpm.s, TRIM(F402), _xlpm.p, _xlfn.LAMBDA(_xlpm.x, LEFT(_xlpm.s, LEN(_xlpm.x)) = _xlpm.x), _xlfn.IFS( _xlpm.p("meta6"), 1, _xlpm.p("meta"), 3, _xlpm.p("ref"), 3, OR(_xlpm.p("telegram"), _xlpm.p("instagram"), _xlpm.p("stock meme"), _xlpm.p("gx")), 2, OR(_xlpm.p("application"), _xlpm.p("main website"), _xlpm.p("direct (hot)"), _xlpm.p("sunil"), _xlpm.p("prs"), _xlpm.p("invst (hot)")), 1, TRUE, 2 ) )} -> 1 | I402: =_xlfn.XLOOKUP(E402,Calendar!C:C,Calendar!B:B) -> Working Day | M402: 46221 | N402: waman@nexora.live | O402: Saturday | P402: 2 | Q402: =_xlfn.XLOOKUP(N402,Attendance!F:F,Attendance!J:J) -> 1 | R402: =_xlfn.LET( _xlpm.pool, IFERROR(Q402&"", ""), _xlpm.conv, IFERROR(--P402, 0), _xlpm.mkt, O403="Working Day", IF(_xlpm.pool="1", IF(_xlpm.mkt, IF(_xlpm.conv>=12,700,IF(_xlpm.conv>=8,300,0)), IF(_xlpm.conv>=7,700,IF(_xlpm.conv>=4,300,0))), IF(_xlpm.pool="Meta", IF(_xlpm.mkt, IF(_xlpm.conv>=6,700,IF(_xlpm.conv>=4,400,0)), IF(_xlpm.conv>=4,700,IF(_xlpm.conv>=3,400,0))), IF(_xlpm.mkt, IF(_xlpm.conv>=5,700,IF(_xlpm.conv>=3,500,0)), IF(_xlpm.conv>=3,700,IF(_xlpm.conv>=2,500,0))) ))) -> 0
A403: S105938 | B403: Traded Conversions | C403: renu@nexora.live | D403: 46224.7 | E403: =INT(D403) -> 46224 | F403: MAIN WEBSITE (HOT) | G403: =_xlfn.XLOOKUP(A403,FTD!A:A,FTD!C:C) -> 1000 | H403: {=_xlfn.LET( _xlpm.s, TRIM(F403), _xlpm.p, _xlfn.LAMBDA(_xlpm.x, LEFT(_xlpm.s, LEN(_xlpm.x)) = _xlpm.x), _xlfn.IFS( _xlpm.p("meta6"), 1, _xlpm.p("meta"), 3, _xlpm.p("ref"), 3, OR(_xlpm.p("telegram"), _xlpm.p("instagram"), _xlpm.p("stock meme"), _xlpm.p("gx")), 2, OR(_xlpm.p("application"), _xlpm.p("main website"), _xlpm.p("direct (hot)"), _xlpm.p("sunil"), _xlpm.p("prs"), _xlpm.p("invst (hot)")), 1, TRUE, 2 ) )} -> 1 | I403: =_xlfn.XLOOKUP(E403,Calendar!C:C,Calendar!B:B) -> Working Day | M403: 46222 | N403: adharv@nexora.live | O403: Sunday | P403: 1 | Q403: =_xlfn.XLOOKUP(N403,Attendance!F:F,Attendance!J:J) -> Telegram | R403: =_xlfn.LET( _xlpm.pool, IFERROR(Q403&"", ""), _xlpm.conv, IFERROR(--P403, 0), _xlpm.mkt, O404="Working Day", IF(_xlpm.pool="1", IF(_xlpm.mkt, IF(_xlpm.conv>=12,700,IF(_xlpm.conv>=8,300,0)), IF(_xlpm.conv>=7,700,IF(_xlpm.conv>=4,300,0))), IF(_xlpm.pool="Meta", IF(_xlpm.mkt, IF(_xlpm.conv>=6,700,IF(_xlpm.conv>=4,400,0)), IF(_xlpm.conv>=4,700,IF(_xlpm.conv>=3,400,0))), IF(_xlpm.mkt, IF(_xlpm.conv>=5,700,IF(_xlpm.conv>=3,500,0)), IF(_xlpm.conv>=3,700,IF(_xlpm.conv>=2,500,0))) ))) -> 0
A404: N142970 | B404: Old Portal_1YT | C404: prince@nexora.live | D404: 46211.494 | E404: =INT(D404) -> 46211 | F404: MAIN WEBSITE (HOT) 1 | G404: =_xlfn.XLOOKUP(A404,FTD!A:A,FTD!C:C) -> 1000 | H404: {=_xlfn.LET( _xlpm.s, TRIM(F404), _xlpm.p, _xlfn.LAMBDA(_xlpm.x, LEFT(_xlpm.s, LEN(_xlpm.x)) = _xlpm.x), _xlfn.IFS( _xlpm.p("meta6"), 1, _xlpm.p("meta"), 3, _xlpm.p("ref"), 3, OR(_xlpm.p("telegram"), _xlpm.p("instagram"), _xlpm.p("stock meme"), _xlpm.p("gx")), 2, OR(_xlpm.p("application"), _xlpm.p("main website"), _xlpm.p("direct (hot)"), _xlpm.p("sunil"), _xlpm.p("prs"), _xlpm.p("invst (hot)")), 1, TRUE, 2 ) )} -> 1 | I404: =_xlfn.XLOOKUP(E404,Calendar!C:C,Calendar!B:B) -> Working Day | M404: 46222 | N404: ankita@nexora.live | O404: Sunday | P404: 1 | Q404: =_xlfn.XLOOKUP(N404,Attendance!F:F,Attendance!J:J) -> Meta | R404: =_xlfn.LET( _xlpm.pool, IFERROR(Q404&"", ""), _xlpm.conv, IFERROR(--P404, 0), _xlpm.mkt, O405="Working Day", IF(_xlpm.pool="1", IF(_xlpm.mkt, IF(_xlpm.conv>=12,700,IF(_xlpm.conv>=8,300,0)), IF(_xlpm.conv>=7,700,IF(_xlpm.conv>=4,300,0))), IF(_xlpm.pool="Meta", IF(_xlpm.mkt, IF(_xlpm.conv>=6,700,IF(_xlpm.conv>=4,400,0)), IF(_xlpm.conv>=4,700,IF(_xlpm.conv>=3,400,0))), IF(_xlpm.mkt, IF(_xlpm.conv>=5,700,IF(_xlpm.conv>=3,500,0)), IF(_xlpm.conv>=3,700,IF(_xlpm.conv>=2,500,0))) ))) -> 0
A405: S138982 | B405: Old Portal_1YT | C405: ramya@nexora.live | D405: 46204.401 | E405: =INT(D405) -> 46204 | F405: META3 | G405: =_xlfn.XLOOKUP(A405,FTD!A:A,FTD!C:C) -> 2200 | H405: {=_xlfn.LET( _xlpm.s, TRIM(F405), _xlpm.p, _xlfn.LAMBDA(_xlpm.x, LEFT(_xlpm.s, LEN(_xlpm.x)) = _xlpm.x), _xlfn.IFS( _xlpm.p("meta6"), 1, _xlpm.p("meta"), 3, _xlpm.p("ref"), 3, OR(_xlpm.p("telegram"), _xlpm.p("instagram"), _xlpm.p("stock meme"), _xlpm.p("gx")), 2, OR(_xlpm.p("application"), _xlpm.p("main website"), _xlpm.p("direct (hot)"), _xlpm.p("sunil"), _xlpm.p("prs"), _xlpm.p("invst (hot)")), 1, TRUE, 2 ) )} -> 3 | I405: =_xlfn.XLOOKUP(E405,Calendar!C:C,Calendar!B:B) -> Working Day | M405: 46222 | N405: ashutosh@nexora.live | O405: Sunday | P405: 2 | Q405: =_xlfn.XLOOKUP(N405,Attendance!F:F,Attendance!J:J) -> 1 | R405: =_xlfn.LET( _xlpm.pool, IFERROR(Q405&"", ""), _xlpm.conv, IFERROR(--P405, 0), _xlpm.mkt, O406="Working Day", IF(_xlpm.pool="1", IF(_xlpm.mkt, IF(_xlpm.conv>=12,700,IF(_xlpm.conv>=8,300,0)), IF(_xlpm.conv>=7,700,IF(_xlpm.conv>=4,300,0))), IF(_xlpm.pool="Meta", IF(_xlpm.mkt, IF(_xlpm.conv>=6,700,IF(_xlpm.conv>=4,400,0)), IF(_xlpm.conv>=4,700,IF(_xlpm.conv>=3,400,0))), IF(_xlpm.mkt, IF(_xlpm.conv>=5,700,IF(_xlpm.conv>=3,500,0)), IF(_xlpm.conv>=3,700,IF(_xlpm.conv>=2,500,0))) ))) -> 0
A406: N136567 | B406: Old Portal_1YT | C406: ritesh@nexora.live | D406: 46219.495 | E406: =INT(D406) -> 46219 | F406: MAIN WEBSITE (HOT) | G406: =_xlfn.XLOOKUP(A406,FTD!A:A,FTD!C:C) -> 2000 | H406: {=_xlfn.LET( _xlpm.s, TRIM(F406), _xlpm.p, _xlfn.LAMBDA(_xlpm.x, LEFT(_xlpm.s, LEN(_xlpm.x)) = _xlpm.x), _xlfn.IFS( _xlpm.p("meta6"), 1, _xlpm.p("meta"), 3, _xlpm.p("ref"), 3, OR(_xlpm.p("telegram"), _xlpm.p("instagram"), _xlpm.p("stock meme"), _xlpm.p("gx")), 2, OR(_xlpm.p("application"), _xlpm.p("main website"), _xlpm.p("direct (hot)"), _xlpm.p("sunil"), _xlpm.p("prs"), _xlpm.p("invst (hot)")), 1, TRUE, 2 ) )} -> 1 | I406: =_xlfn.XLOOKUP(E406,Calendar!C:C,Calendar!B:B) -> Working Day | M406: 46222 | N406: deepraj@nexora.live | O406: Sunday | P406: 2 | Q406: =_xlfn.XLOOKUP(N406,Attendance!F:F,Attendance!J:J) -> New OJT | R406: =_xlfn.LET( _xlpm.pool, IFERROR(Q406&"", ""), _xlpm.conv, IFERROR(--P406, 0), _xlpm.mkt, O407="Working Day", IF(_xlpm.pool="1", IF(_xlpm.mkt, IF(_xlpm.conv>=12,700,IF(_xlpm.conv>=8,300,0)), IF(_xlpm.conv>=7,700,IF(_xlpm.conv>=4,300,0))), IF(_xlpm.pool="Meta", IF(_xlpm.mkt, IF(_xlpm.conv>=6,700,IF(_xlpm.conv>=4,400,0)), IF(_xlpm.conv>=4,700,IF(_xlpm.conv>=3,400,0))), IF(_xlpm.mkt, IF(_xlpm.conv>=5,700,IF(_xlpm.conv>=3,500,0)), IF(_xlpm.conv>=3,700,IF(_xlpm.conv>=2,500,0))) ))) -> 500
... A690: M147070 | B690: Old Portal_1YT | C690: ranbeer@nexora.live | D690: 46220.78 | E690: =INT(D690) -> 46220 | F690: MAIN WEBSITE (HOT) | G690: =_xlfn.XLOOKUP(A690,FTD!A:A,FTD!C:C) -> 50000 | H690: {=_xlfn.LET( _xlpm.s, TRIM(F690), _xlpm.p, _xlfn.LAMBDA(_xlpm.x, LEFT(_xlpm.s, LEN(_xlpm.x)) = _xlpm.x), _xlfn.IFS( _xlpm.p("meta6"), 1, _xlpm.p("meta"), 3, _xlpm.p("ref"), 3, OR(_xlpm.p("telegram"), _xlpm.p("instagram"), _xlpm.p("stock meme"), _xlpm.p("gx")), 2, OR(_xlpm.p("application"), _xlpm.p("main website"), _xlpm.p("direct (hot)"), _xlpm.p("sunil"), _xlpm.p("prs"), _xlpm.p("invst (hot)")), 1, TRUE, 2 ) )} -> 1 | I690: =_xlfn.XLOOKUP(E690,Calendar!C:C,Calendar!B:B) -> Working Day | M690: 46234 | N690: waman@nexora.live | O690: Working Day | P690: 4 | Q690: =_xlfn.XLOOKUP(N690,Attendance!F:F,Attendance!J:J) -> 1 | R690: =_xlfn.LET( _xlpm.pool, IFERROR(Q690&"", ""), _xlpm.conv, IFERROR(--P690, 0), _xlpm.mkt, O691="Working Day", IF(_xlpm.pool="1", IF(_xlpm.mkt, IF(_xlpm.conv>=12,700,IF(_xlpm.conv>=8,300,0)), IF(_xlpm.conv>=7,700,IF(_xlpm.conv>=4,300,0))), IF(_xlpm.pool="Meta", IF(_xlpm.mkt, IF(_xlpm.conv>=6,700,IF(_xlpm.conv>=4,400,0)), IF(_xlpm.conv>=4,700,IF(_xlpm.conv>=3,400,0))), IF(_xlpm.mkt, IF(_xlpm.conv>=5,700,IF(_xlpm.conv>=3,500,0)), IF(_xlpm.conv>=3,700,IF(_xlpm.conv>=2,500,0))) ))) -> 300
A691: H152718 | B691: Old Portal_1YT | C691: ankita@nexora.live | D691: 46234.571 | E691: =INT(D691) -> 46234 | F691: MAIN WEBSITE (HOT) 1 | G691: =_xlfn.XLOOKUP(A691,FTD!A:A,FTD!C:C) -> 1000 | H691: {=_xlfn.LET( _xlpm.s, TRIM(F691), _xlpm.p, _xlfn.LAMBDA(_xlpm.x, LEFT(_xlpm.s, LEN(_xlpm.x)) = _xlpm.x), _xlfn.IFS( _xlpm.p("meta6"), 1, _xlpm.p("meta"), 3, _xlpm.p("ref"), 3, OR(_xlpm.p("telegram"), _xlpm.p("instagram"), _xlpm.p("stock meme"), _xlpm.p("gx")), 2, OR(_xlpm.p("application"), _xlpm.p("main website"), _xlpm.p("direct (hot)"), _xlpm.p("sunil"), _xlpm.p("prs"), _xlpm.p("invst (hot)")), 1, TRUE, 2 ) )} -> 1 | I691: =_xlfn.XLOOKUP(E691,Calendar!C:C,Calendar!B:B) -> Working Day | M691: Grand Total | P691: 1382 | Q691: =_xlfn.XLOOKUP(N691,Attendance!F:F,Attendance!J:J) -> #N/A | R691: =_xlfn.LET( _xlpm.pool, IFERROR(Q691&"", ""), _xlpm.conv, IFERROR(--P691, 0), _xlpm.mkt, O692="Working Day", IF(_xlpm.pool="1", IF(_xlpm.mkt, IF(_xlpm.conv>=12,700,IF(_xlpm.conv>=8,300,0)), IF(_xlpm.conv>=7,700,IF(_xlpm.conv>=4,300,0))), IF(_xlpm.pool="Meta", IF(_xlpm.mkt, IF(_xlpm.conv>=6,700,IF(_xlpm.conv>=4,400,0)), IF(_xlpm.conv>=4,700,IF(_xlpm.conv>=3,400,0))), IF(_xlpm.mkt, IF(_xlpm.conv>=5,700,IF(_xlpm.conv>=3,500,0)), IF(_xlpm.conv>=3,700,IF(_xlpm.conv>=2,500,0))) ))) -> 700
A692: M147006 | B692: Old Portal_1YT | C692: ritesh@nexora.live | D692: 46220.595 | E692: =INT(D692) -> 46220 | F692: MAIN WEBSITE (HOT) | G692: =_xlfn.XLOOKUP(A692,FTD!A:A,FTD!C:C) -> 1500 | H692: {=_xlfn.LET( _xlpm.s, TRIM(F692), _xlpm.p, _xlfn.LAMBDA(_xlpm.x, LEFT(_xlpm.s, LEN(_xlpm.x)) = _xlpm.x), _xlfn.IFS( _xlpm.p("meta6"), 1, _xlpm.p("meta"), 3, _xlpm.p("ref"), 3, OR(_xlpm.p("telegram"), _xlpm.p("instagram"), _xlpm.p("stock meme"), _xlpm.p("gx")), 2, OR(_xlpm.p("application"), _xlpm.p("main website"), _xlpm.p("direct (hot)"), _xlpm.p("sunil"), _xlpm.p("prs"), _xlpm.p("invst (hot)")), 1, TRUE, 2 ) )} -> 1 | I692: =_xlfn.XLOOKUP(E692,Calendar!C:C,Calendar!B:B) -> Working Day
A693: N147881 | B693: Old Portal_1YT | C693: aslam.k@nexora.live | D693: 46231.407 | E693: =INT(D693) -> 46231 | F693: MAIN WEBSITE (HOT) | G693: =_xlfn.XLOOKUP(A693,FTD!A:A,FTD!C:C) -> 2000 | H693: {=_xlfn.LET( _xlpm.s, TRIM(F693), _xlpm.p, _xlfn.LAMBDA(_xlpm.x, LEFT(_xlpm.s, LEN(_xlpm.x)) = _xlpm.x), _xlfn.IFS( _xlpm.p("meta6"), 1, _xlpm.p("meta"), 3, _xlpm.p("ref"), 3, OR(_xlpm.p("telegram"), _xlpm.p("instagram"), _xlpm.p("stock meme"), _xlpm.p("gx")), 2, OR(_xlpm.p("application"), _xlpm.p("main website"), _xlpm.p("direct (hot)"), _xlpm.p("sunil"), _xlpm.p("prs"), _xlpm.p("invst (hot)")), 1, TRUE, 2 ) )} -> 1 | I693: =_xlfn.XLOOKUP(E693,Calendar!C:C,Calendar!B:B) -> Working Day
A694: Z149509 | B694: Traded_Old Portal | C694: monika@nexora.live | D694: 46227.512 | E694: =INT(D694) -> 46227 | F694: Referral (HOT) | G694: =_xlfn.XLOOKUP(A694,FTD!A:A,FTD!C:C) -> 60000 | H694: {=_xlfn.LET( _xlpm.s, TRIM(F694), _xlpm.p, _xlfn.LAMBDA(_xlpm.x, LEFT(_xlpm.s, LEN(_xlpm.x)) = _xlpm.x), _xlfn.IFS( _xlpm.p("meta6"), 1, _xlpm.p("meta"), 3, _xlpm.p("ref"), 3, OR(_xlpm.p("telegram"), _xlpm.p("instagram"), _xlpm.p("stock meme"), _xlpm.p("gx")), 2, OR(_xlpm.p("application"), _xlpm.p("main website"), _xlpm.p("direct (hot)"), _xlpm.p("sunil"), _xlpm.p("prs"), _xlpm.p("invst (hot)")), 1, TRUE, 2 ) )} -> 3 | I694: =_xlfn.XLOOKUP(E694,Calendar!C:C,Calendar!B:B) -> Working Day
A695: A136482 | B695: Old Portal_1YT | C695: adharv@nexora.live | D695: 46211.491 | E695: =INT(D695) -> 46211 | F695: MAIN WEBSITE (HOT) | G695: =_xlfn.XLOOKUP(A695,FTD!A:A,FTD!C:C) -> 1154 | H695: {=_xlfn.LET( _xlpm.s, TRIM(F695), _xlpm.p, _xlfn.LAMBDA(_xlpm.x, LEFT(_xlpm.s, LEN(_xlpm.x)) = _xlpm.x), _xlfn.IFS( _xlpm.p("meta6"), 1, _xlpm.p("meta"), 3, _xlpm.p("ref"), 3, OR(_xlpm.p("telegram"), _xlpm.p("instagram"), _xlpm.p("stock meme"), _xlpm.p("gx")), 2, OR(_xlpm.p("application"), _xlpm.p("main website"), _xlpm.p("direct (hot)"), _xlpm.p("sunil"), _xlpm.p("prs"), _xlpm.p("invst (hot)")), 1, TRUE, 2 ) )} -> 1 | I695: =_xlfn.XLOOKUP(E695,Calendar!C:C,Calendar!B:B) -> Working Day
A696: K114046 | B696: Not traded new panel | C696: waman@nexora.live | D696: 46226.794 | E696: =INT(D696) -> 46226 | F696: MAIN WEBSITE (HOT) | G696: =_xlfn.XLOOKUP(A696,FTD!A:A,FTD!C:C) -> 1000 | H696: {=_xlfn.LET( _xlpm.s, TRIM(F696), _xlpm.p, _xlfn.LAMBDA(_xlpm.x, LEFT(_xlpm.s, LEN(_xlpm.x)) = _xlpm.x), _xlfn.IFS( _xlpm.p("meta6"), 1, _xlpm.p("meta"), 3, _xlpm.p("ref"), 3, OR(_xlpm.p("telegram"), _xlpm.p("instagram"), _xlpm.p("stock meme"), _xlpm.p("gx")), 2, OR(_xlpm.p("application"), _xlpm.p("main website"), _xlpm.p("direct (hot)"), _xlpm.p("sunil"), _xlpm.p("prs"), _xlpm.p("invst (hot)")), 1, TRUE, 2 ) )} -> 1 | I696: =_xlfn.XLOOKUP(E696,Calendar!C:C,Calendar!B:B) -> Working Day
A697: P146640 | B697: Old Portal_1YT | C697: akhil@nexora.live | D697: 46219.802 | E697: =INT(D697) -> 46219 | F697: META3 | G697: =_xlfn.XLOOKUP(A697,FTD!A:A,FTD!C:C) -> 501 | H697: {=_xlfn.LET( _xlpm.s, TRIM(F697), _xlpm.p, _xlfn.LAMBDA(_xlpm.x, LEFT(_xlpm.s, LEN(_xlpm.x)) = _xlpm.x), _xlfn.IFS( _xlpm.p("meta6"), 1, _xlpm.p("meta"), 3, _xlpm.p("ref"), 3, OR(_xlpm.p("telegram"), _xlpm.p("instagram"), _xlpm.p("stock meme"), _xlpm.p("gx")), 2, OR(_xlpm.p("application"), _xlpm.p("main website"), _xlpm.p("direct (hot)"), _xlpm.p("sunil"), _xlpm.p("prs"), _xlpm.p("invst (hot)")), 1, TRUE, 2 ) )} -> 3 | I697: =_xlfn.XLOOKUP(E697,Calendar!C:C,Calendar!B:B) -> Working Day
A698: V146803 | B698: Old Portal_1YT | C698: adharv@nexora.live | D698: 46222.693 | E698: =INT(D698) -> 46222 | F698: MAIN WEBSITE (HOT) | G698: =_xlfn.XLOOKUP(A698,FTD!A:A,FTD!C:C) -> 4879 | H698: {=_xlfn.LET( _xlpm.s, TRIM(F698), _xlpm.p, _xlfn.LAMBDA(_xlpm.x, LEFT(_xlpm.s, LEN(_xlpm.x)) = _xlpm.x), _xlfn.IFS( _xlpm.p("meta6"), 1, _xlpm.p("meta"), 3, _xlpm.p("ref"), 3, OR(_xlpm.p("telegram"), _xlpm.p("instagram"), _xlpm.p("stock meme"), _xlpm.p("gx")), 2, OR(_xlpm.p("application"), _xlpm.p("main website"), _xlpm.p("direct (hot)"), _xlpm.p("sunil"), _xlpm.p("prs"), _xlpm.p("invst (hot)")), 1, TRUE, 2 ) )} -> 1 | I698: =_xlfn.XLOOKUP(E698,Calendar!C:C,Calendar!B:B) -> Sunday
A699: R140116 | B699: Old Portal_1YT | C699: mitali@nexora.live | D699: 46206.418 | E699: =INT(D699) -> 46206 | F699: MAIN WEBSITE (HOT) | G699: =_xlfn.XLOOKUP(A699,FTD!A:A,FTD!C:C) -> 1000 | H699: {=_xlfn.LET( _xlpm.s, TRIM(F699), _xlpm.p, _xlfn.LAMBDA(_xlpm.x, LEFT(_xlpm.s, LEN(_xlpm.x)) = _xlpm.x), _xlfn.IFS( _xlpm.p("meta6"), 1, _xlpm.p("meta"), 3, _xlpm.p("ref"), 3, OR(_xlpm.p("telegram"), _xlpm.p("instagram"), _xlpm.p("stock meme"), _xlpm.p("gx")), 2, OR(_xlpm.p("application"), _xlpm.p("main website"), _xlpm.p("direct (hot)"), _xlpm.p("sunil"), _xlpm.p("prs"), _xlpm.p("invst (hot)")), 1, TRUE, 2 ) )} -> 1 | I699: =_xlfn.XLOOKUP(E699,Calendar!C:C,Calendar!B:B) -> Working Day
A700: S143418 | B700: Traded Conversions | C700: abhishek.k@nexora.live | D700: 46214.845 | E700: =INT(D700) -> 46214 | F700: Meta6 | G700: =_xlfn.XLOOKUP(A700,FTD!A:A,FTD!C:C) -> 1000 | H700: {=_xlfn.LET( _xlpm.s, TRIM(F700), _xlpm.p, _xlfn.LAMBDA(_xlpm.x, LEFT(_xlpm.s, LEN(_xlpm.x)) = _xlpm.x), _xlfn.IFS( _xlpm.p("meta6"), 1, _xlpm.p("meta"), 3, _xlpm.p("ref"), 3, OR(_xlpm.p("telegram"), _xlpm.p("instagram"), _xlpm.p("stock meme"), _xlpm.p("gx")), 2, OR(_xlpm.p("application"), _xlpm.p("main website"), _xlpm.p("direct (hot)"), _xlpm.p("sunil"), _xlpm.p("prs"), _xlpm.p("invst (hot)")), 1, TRUE, 2 ) )} -> 1 | I700: =_xlfn.XLOOKUP(E700,Calendar!C:C,Calendar!B:B) -> Saturday
A701: D139110 | B701: Traded Conversions | C701: nair@nexora.live | D701: 46204.47 | E701: =INT(D701) -> 46204 | F701: MAIN WEBSITE (HOT) | G701: =_xlfn.XLOOKUP(A701,FTD!A:A,FTD!C:C) -> 10000 | H701: {=_xlfn.LET( _xlpm.s, TRIM(F701), _xlpm.p, _xlfn.LAMBDA(_xlpm.x, LEFT(_xlpm.s, LEN(_xlpm.x)) = _xlpm.x), _xlfn.IFS( _xlpm.p("meta6"), 1, _xlpm.p("meta"), 3, _xlpm.p("ref"), 3, OR(_xlpm.p("telegram"), _xlpm.p("instagram"), _xlpm.p("stock meme"), _xlpm.p("gx")), 2, OR(_xlpm.p("application"), _xlpm.p("main website"), _xlpm.p("direct (hot)"), _xlpm.p("sunil"), _xlpm.p("prs"), _xlpm.p("invst (hot)")), 1, TRUE, 2 ) )} -> 1 | I701: =_xlfn.XLOOKUP(E701,Calendar!C:C,Calendar!B:B) -> Working Day
A702: Y49102 | B702: Traded Conversions | C702: shambu@nexora.live | D702: 46204.524 | E702: =INT(D702) -> 46204 | F702: MAIN WEBSITE (HOT) | G702: =_xlfn.XLOOKUP(A702,FTD!A:A,FTD!C:C) -> 1000 | H702: {=_xlfn.LET( _xlpm.s, TRIM(F702), _xlpm.p, _xlfn.LAMBDA(_xlpm.x, LEFT(_xlpm.s, LEN(_xlpm.x)) = _xlpm.x), _xlfn.IFS( _xlpm.p("meta6"), 1, _xlpm.p("meta"), 3, _xlpm.p("ref"), 3, OR(_xlpm.p("telegram"), _xlpm.p("instagram"), _xlpm.p("stock meme"), _xlpm.p("gx")), 2, OR(_xlpm.p("application"), _xlpm.p("main website"), _xlpm.p("direct (hot)"), _xlpm.p("sunil"), _xlpm.p("prs"), _xlpm.p("invst (hot)")), 1, TRUE, 2 ) )} -> 1 | I702: =_xlfn.XLOOKUP(E702,Calendar!C:C,Calendar!B:B) -> Working Day
A703: M132529 | B703: Traded Conversions | C703: prince@nexora.live | D703: 46212.431 | E703: =INT(D703) -> 46212 | F703: META2 | G703: =_xlfn.XLOOKUP(A703,FTD!A:A,FTD!C:C) -> 1000 | H703: {=_xlfn.LET( _xlpm.s, TRIM(F703), _xlpm.p, _xlfn.LAMBDA(_xlpm.x, LEFT(_xlpm.s, LEN(_xlpm.x)) = _xlpm.x), _xlfn.IFS( _xlpm.p("meta6"), 1, _xlpm.p("meta"), 3, _xlpm.p("ref"), 3, OR(_xlpm.p("telegram"), _xlpm.p("instagram"), _xlpm.p("stock meme"), _xlpm.p("gx")), 2, OR(_xlpm.p("application"), _xlpm.p("main website"), _xlpm.p("direct (hot)"), _xlpm.p("sunil"), _xlpm.p("prs"), _xlpm.p("invst (hot)")), 1, TRUE, 2 ) )} -> 3 | I703: =_xlfn.XLOOKUP(E703,Calendar!C:C,Calendar!B:B) -> Working Day
... A821: P131581 | B821: Old Portal_1YT | C821: vedant@nexora.live | D821: 46217.568 | E821: =INT(D821) -> 46217 | F821: META2 | G821: =_xlfn.XLOOKUP(A821,FTD!A:A,FTD!C:C) -> 1000 | H821: {=_xlfn.LET( _xlpm.s, TRIM(F821), _xlpm.p, _xlfn.LAMBDA(_xlpm.x, LEFT(_xlpm.s, LEN(_xlpm.x)) = _xlpm.x), _xlfn.IFS( _xlpm.p("meta6"), 1, _xlpm.p("meta"), 3, _xlpm.p("ref"), 3, OR(_xlpm.p("telegram"), _xlpm.p("instagram"), _xlpm.p("stock meme"), _xlpm.p("gx")), 2, OR(_xlpm.p("application"), _xlpm.p("main website"), _xlpm.p("direct (hot)"), _xlpm.p("sunil"), _xlpm.p("prs"), _xlpm.p("invst (hot)")), 1, TRUE, 2 ) )} -> 3 | I821: =_xlfn.XLOOKUP(E821,Calendar!C:C,Calendar!B:B) -> Working Day
A822: P76843 | B822: Not traded new panel | C822: anjali@nexora.live | D822: 46212.68 | E822: =INT(D822) -> 46212 | G822: =_xlfn.XLOOKUP(A822,FTD!A:A,FTD!C:C) -> 1000 | H822: {=_xlfn.LET( _xlpm.s, TRIM(F822), _xlpm.p, _xlfn.LAMBDA(_xlpm.x, LEFT(_xlpm.s, LEN(_xlpm.x)) = _xlpm.x), _xlfn.IFS( _xlpm.p("meta6"), 1, _xlpm.p("meta"), 3, _xlpm.p("ref"), 3, OR(_xlpm.p("telegram"), _xlpm.p("instagram"), _xlpm.p("stock meme"), _xlpm.p("gx")), 2, OR(_xlpm.p("application"), _xlpm.p("main website"), _xlpm.p("direct (hot)"), _xlpm.p("sunil"), _xlpm.p("prs"), _xlpm.p("invst (hot)")), 1, TRUE, 2 ) )} -> 2 | I822: =_xlfn.XLOOKUP(E822,Calendar!C:C,Calendar!B:B) -> Working Day
A823: S146520 | B823: Old Portal_1YT | C823: kanika@nexora.live | D823: 46219.521 | E823: =INT(D823) -> 46219 | F823: MAIN WEBSITE (HOT) | G823: =_xlfn.XLOOKUP(A823,FTD!A:A,FTD!C:C) -> 9000 | H823: {=_xlfn.LET( _xlpm.s, TRIM(F823), _xlpm.p, _xlfn.LAMBDA(_xlpm.x, LEFT(_xlpm.s, LEN(_xlpm.x)) = _xlpm.x), _xlfn.IFS( _xlpm.p("meta6"), 1, _xlpm.p("meta"), 3, _xlpm.p("ref"), 3, OR(_xlpm.p("telegram"), _xlpm.p("instagram"), _xlpm.p("stock meme"), _xlpm.p("gx")), 2, OR(_xlpm.p("application"), _xlpm.p("main website"), _xlpm.p("direct (hot)"), _xlpm.p("sunil"), _xlpm.p("prs"), _xlpm.p("invst (hot)")), 1, TRUE, 2 ) )} -> 1 | I823: =_xlfn.XLOOKUP(E823,Calendar!C:C,Calendar!B:B) -> Working Day
A824: P146257 | B824: Old Portal_1YT | C824: ranbeer@nexora.live | D824: 46220.559 | E824: =INT(D824) -> 46220 | F824: META2 | G824: =_xlfn.XLOOKUP(A824,FTD!A:A,FTD!C:C) -> 10000 | H824: {=_xlfn.LET( _xlpm.s, TRIM(F824), _xlpm.p, _xlfn.LAMBDA(_xlpm.x, LEFT(_xlpm.s, LEN(_xlpm.x)) = _xlpm.x), _xlfn.IFS( _xlpm.p("meta6"), 1, _xlpm.p("meta"), 3, _xlpm.p("ref"), 3, OR(_xlpm.p("telegram"), _xlpm.p("instagram"), _xlpm.p("stock meme"), _xlpm.p("gx")), 2, OR(_xlpm.p("application"), _xlpm.p("main website"), _xlpm.p("direct (hot)"), _xlpm.p("sunil"), _xlpm.p("prs"), _xlpm.p("invst (hot)")), 1, TRUE, 2 ) )} -> 3 | I824: =_xlfn.XLOOKUP(E824,Calendar!C:C,Calendar!B:B) -> Working Day
A825: D136522 | B825: Old Portal_1YT | C825: vedant@nexora.live | D825: 46219.556 | E825: =INT(D825) -> 46219 | F825: META3 | G825: =_xlfn.XLOOKUP(A825,FTD!A:A,FTD!C:C) -> 1001 | H825: {=_xlfn.LET( _xlpm.s, TRIM(F825), _xlpm.p, _xlfn.LAMBDA(_xlpm.x, LEFT(_xlpm.s, LEN(_xlpm.x)) = _xlpm.x), _xlfn.IFS( _xlpm.p("meta6"), 1, _xlpm.p("meta"), 3, _xlpm.p("ref"), 3, OR(_xlpm.p("telegram"), _xlpm.p("instagram"), _xlpm.p("stock meme"), _xlpm.p("gx")), 2, OR(_xlpm.p("application"), _xlpm.p("main website"), _xlpm.p("direct (hot)"), _xlpm.p("sunil"), _xlpm.p("prs"), _xlpm.p("invst (hot)")), 1, TRUE, 2 ) )} -> 3 | I825: =_xlfn.XLOOKUP(E825,Calendar!C:C,Calendar!B:B) -> Working Day
A826: R68577 | B826: Not traded new panel | C826: kawaljit.k@nexora.live | D826: 46226.545 | E826: =INT(D826) -> 46226 | F826: MAIN WEBSITE (HOT) 1 | G826: =_xlfn.XLOOKUP(A826,FTD!A:A,FTD!C:C) -> 2500 | H826: {=_xlfn.LET( _xlpm.s, TRIM(F826), _xlpm.p, _xlfn.LAMBDA(_xlpm.x, LEFT(_xlpm.s, LEN(_xlpm.x)) = _xlpm.x), _xlfn.IFS( _xlpm.p("meta6"), 1, _xlpm.p("meta"), 3, _xlpm.p("ref"), 3, OR(_xlpm.p("telegram"), _xlpm.p("instagram"), _xlpm.p("stock meme"), _xlpm.p("gx")), 2, OR(_xlpm.p("application"), _xlpm.p("main website"), _xlpm.p("direct (hot)"), _xlpm.p("sunil"), _xlpm.p("prs"), _xlpm.p("invst (hot)")), 1, TRUE, 2 ) )} -> 1 | I826: =_xlfn.XLOOKUP(E826,Calendar!C:C,Calendar!B:B) -> Working Day
A827: P122032 | B827: Traded Conversions | C827: aamir@nexora.live | D827: 46204.553 | E827: =INT(D827) -> 46204 | F827: MAIN WEBSITE (HOT) | G827: =_xlfn.XLOOKUP(A827,FTD!A:A,FTD!C:C) -> 1000 | H827: {=_xlfn.LET( _xlpm.s, TRIM(F827), _xlpm.p, _xlfn.LAMBDA(_xlpm.x, LEFT(_xlpm.s, LEN(_xlpm.x)) = _xlpm.x), _xlfn.IFS( _xlpm.p("meta6"), 1, _xlpm.p("meta"), 3, _xlpm.p("ref"), 3, OR(_xlpm.p("telegram"), _xlpm.p("instagram"), _xlpm.p("stock meme"), _xlpm.p("gx")), 2, OR(_xlpm.p("application"), _xlpm.p("main website"), _xlpm.p("direct (hot)"), _xlpm.p("sunil"), _xlpm.p("prs"), _xlpm.p("invst (hot)")), 1, TRUE, 2 ) )} -> 1 | I827: =_xlfn.XLOOKUP(E827,Calendar!C:C,Calendar!B:B) -> Working Day
A828: T31934 | B828: Traded Conversions | C828: aslam.k@nexora.live | D828: 46220.573 | E828: =INT(D828) -> 46220 | F828: MAIN WEBSITE (HOT) | G828: =_xlfn.XLOOKUP(A828,FTD!A:A,FTD!C:C) -> 10000 | H828: {=_xlfn.LET( _xlpm.s, TRIM(F828), _xlpm.p, _xlfn.LAMBDA(_xlpm.x, LEFT(_xlpm.s, LEN(_xlpm.x)) = _xlpm.x), _xlfn.IFS( _xlpm.p("meta6"), 1, _xlpm.p("meta"), 3, _xlpm.p("ref"), 3, OR(_xlpm.p("telegram"), _xlpm.p("instagram"), _xlpm.p("stock meme"), _xlpm.p("gx")), 2, OR(_xlpm.p("application"), _xlpm.p("main website"), _xlpm.p("direct (hot)"), _xlpm.p("sunil"), _xlpm.p("prs"), _xlpm.p("invst (hot)")), 1, TRUE, 2 ) )} -> 1 | I828: =_xlfn.XLOOKUP(E828,Calendar!C:C,Calendar!B:B) -> Working Day
A829: K136466 | B829: Traded Conversions | C829: vedant@nexora.live | D829: 46224.402 | E829: =INT(D829) -> 46224 | F829: MAIN WEBSITE (HOT) | G829: =_xlfn.XLOOKUP(A829,FTD!A:A,FTD!C:C) -> 1000 | H829: {=_xlfn.LET( _xlpm.s, TRIM(F829), _xlpm.p, _xlfn.LAMBDA(_xlpm.x, LEFT(_xlpm.s, LEN(_xlpm.x)) = _xlpm.x), _xlfn.IFS( _xlpm.p("meta6"), 1, _xlpm.p("meta"), 3, _xlpm.p("ref"), 3, OR(_xlpm.p("telegram"), _xlpm.p("instagram"), _xlpm.p("stock meme"), _xlpm.p("gx")), 2, OR(_xlpm.p("application"), _xlpm.p("main website"), _xlpm.p("direct (hot)"), _xlpm.p("sunil"), _xlpm.p("prs"), _xlpm.p("invst (hot)")), 1, TRUE, 2 ) )} -> 1 | I829: =_xlfn.XLOOKUP(E829,Calendar!C:C,Calendar!B:B) -> Working Day
A830: S103614 | B830: Traded Conversions | C830: suresh@nexora.live | D830: 46227.454 | E830: =INT(D830) -> 46227 | F830: MAIN WEBSITE (HOT) | G830: =_xlfn.XLOOKUP(A830,FTD!A:A,FTD!C:C) -> 6000 | H830: {=_xlfn.LET( _xlpm.s, TRIM(F830), _xlpm.p, _xlfn.LAMBDA(_xlpm.x, LEFT(_xlpm.s, LEN(_xlpm.x)) = _xlpm.x), _xlfn.IFS( _xlpm.p("meta6"), 1, _xlpm.p("meta"), 3, _xlpm.p("ref"), 3, OR(_xlpm.p("telegram"), _xlpm.p("instagram"), _xlpm.p("stock meme"), _xlpm.p("gx")), 2, OR(_xlpm.p("application"), _xlpm.p("main website"), _xlpm.p("direct (hot)"), _xlpm.p("sunil"), _xlpm.p("prs"), _xlpm.p("invst (hot)")), 1, TRUE, 2 ) )} -> 1 | I830: =_xlfn.XLOOKUP(E830,Calendar!C:C,Calendar!B:B) -> Working Day
A831: A128215 | B831: Traded Conversions | C831: sangita.m@nexora.live | D831: 46212.57 | E831: =INT(D831) -> 46212 | F831: MAIN WEBSITE (HOT) 1 | G831: =_xlfn.XLOOKUP(A831,FTD!A:A,FTD!C:C) -> 1000 | H831: {=_xlfn.LET( _xlpm.s, TRIM(F831), _xlpm.p, _xlfn.LAMBDA(_xlpm.x, LEFT(_xlpm.s, LEN(_xlpm.x)) = _xlpm.x), _xlfn.IFS( _xlpm.p("meta6"), 1, _xlpm.p("meta"), 3, _xlpm.p("ref"), 3, OR(_xlpm.p("telegram"), _xlpm.p("instagram"), _xlpm.p("stock meme"), _xlpm.p("gx")), 2, OR(_xlpm.p("application"), _xlpm.p("main website"), _xlpm.p("direct (hot)"), _xlpm.p("sunil"), _xlpm.p("prs"), _xlpm.p("invst (hot)")), 1, TRUE, 2 ) )} -> 1 | I831: =_xlfn.XLOOKUP(E831,Calendar!C:C,Calendar!B:B) -> Working Day
A832: R138017 | B832: Traded Conversions | C832: abhishek.k@nexora.live | D832: 46207.301 | E832: =INT(D832) -> 46207 | F832: Telegram ads | G832: =_xlfn.XLOOKUP(A832,FTD!A:A,FTD!C:C) -> 3000 | H832: {=_xlfn.LET( _xlpm.s, TRIM(F832), _xlpm.p, _xlfn.LAMBDA(_xlpm.x, LEFT(_xlpm.s, LEN(_xlpm.x)) = _xlpm.x), _xlfn.IFS( _xlpm.p("meta6"), 1, _xlpm.p("meta"), 3, _xlpm.p("ref"), 3, OR(_xlpm.p("telegram"), _xlpm.p("instagram"), _xlpm.p("stock meme"), _xlpm.p("gx")), 2, OR(_xlpm.p("application"), _xlpm.p("main website"), _xlpm.p("direct (hot)"), _xlpm.p("sunil"), _xlpm.p("prs"), _xlpm.p("invst (hot)")), 1, TRUE, 2 ) )} -> 2 | I832: =_xlfn.XLOOKUP(E832,Calendar!C:C,Calendar!B:B) -> Saturday
A833: M147980 | B833: Traded Conversions | C833: sachin.g@nexora.live | D833: 46223.712 | E833: =INT(D833) -> 46223 | F833: MAIN WEBSITE (HOT) | G833: =_xlfn.XLOOKUP(A833,FTD!A:A,FTD!C:C) -> 1000 | H833: {=_xlfn.LET( _xlpm.s, TRIM(F833), _xlpm.p, _xlfn.LAMBDA(_xlpm.x, LEFT(_xlpm.s, LEN(_xlpm.x)) = _xlpm.x), _xlfn.IFS( _xlpm.p("meta6"), 1, _xlpm.p("meta"), 3, _xlpm.p("ref"), 3, OR(_xlpm.p("telegram"), _xlpm.p("instagram"), _xlpm.p("stock meme"), _xlpm.p("gx")), 2, OR(_xlpm.p("application"), _xlpm.p("main website"), _xlpm.p("direct (hot)"), _xlpm.p("sunil"), _xlpm.p("prs"), _xlpm.p("invst (hot)")), 1, TRUE, 2 ) )} -> 1 | I833: =_xlfn.XLOOKUP(E833,Calendar!C:C,Calendar!B:B) -> Working Day
A834: J147339 | B834: Traded Conversions | C834: waman@nexora.live | D834: 46223.722 | E834: =INT(D834) -> 46223 | F834: MAIN WEBSITE (HOT) | G834: =_xlfn.XLOOKUP(A834,FTD!A:A,FTD!C:C) -> 2000 | H834: {=_xlfn.LET( _xlpm.s, TRIM(F834), _xlpm.p, _xlfn.LAMBDA(_xlpm.x, LEFT(_xlpm.s, LEN(_xlpm.x)) = _xlpm.x), _xlfn.IFS( _xlpm.p("meta6"), 1, _xlpm.p("meta"), 3, _xlpm.p("ref"), 3, OR(_xlpm.p("telegram"), _xlpm.p("instagram"), _xlpm.p("stock meme"), _xlpm.p("gx")), 2, OR(_xlpm.p("application"), _xlpm.p("main website"), _xlpm.p("direct (hot)"), _xlpm.p("sunil"), _xlpm.p("prs"), _xlpm.p("invst (hot)")), 1, TRUE, 2 ) )} -> 1 | I834: =_xlfn.XLOOKUP(E834,Calendar!C:C,Calendar!B:B) -> Working Day
... A1149: V143801 | B1149: Traded Conversions | C1149: kawaljit.k@nexora.live | D1149: 46212.976 | E1149: =INT(D1149) -> 46212 | F1149: Telegram ads (digi) | G1149: =_xlfn.XLOOKUP(A1149,FTD!A:A,FTD!C:C) -> 1000 | H1149: {=_xlfn.LET( _xlpm.s, TRIM(F1149), _xlpm.p, _xlfn.LAMBDA(_xlpm.x, LEFT(_xlpm.s, LEN(_xlpm.x)) = _xlpm.x), _xlfn.IFS( _xlpm.p("meta6"), 1, _xlpm.p("meta"), 3, _xlpm.p("ref"), 3, OR(_xlpm.p("telegram"), _xlpm.p("instagram"), _xlpm.p("stock meme"), _xlpm.p("gx")), 2, OR(_xlpm.p("application"), _xlpm.p("main website"), _xlpm.p("direct (hot)"), _xlpm.p("sunil"), _xlpm.p("prs"), _xlpm.p("invst (hot)")), 1, TRUE, 2 ) )} -> 2 | I1149: =_xlfn.XLOOKUP(E1149,Calendar!C:C,Calendar!B:B) -> Working Day
A1150: D144859 | B1150: Traded Conversions | C1150: haresh@nexora.live | D1150: 46217.437 | E1150: =INT(D1150) -> 46217 | G1150: =_xlfn.XLOOKUP(A1150,FTD!A:A,FTD!C:C) -> 1000 | H1150: {=_xlfn.LET( _xlpm.s, TRIM(F1150), _xlpm.p, _xlfn.LAMBDA(_xlpm.x, LEFT(_xlpm.s, LEN(_xlpm.x)) = _xlpm.x), _xlfn.IFS( _xlpm.p("meta6"), 1, _xlpm.p("meta"), 3, _xlpm.p("ref"), 3, OR(_xlpm.p("telegram"), _xlpm.p("instagram"), _xlpm.p("stock meme"), _xlpm.p("gx")), 2, OR(_xlpm.p("application"), _xlpm.p("main website"), _xlpm.p("direct (hot)"), _xlpm.p("sunil"), _xlpm.p("prs"), _xlpm.p("invst (hot)")), 1, TRUE, 2 ) )} -> 2 | I1150: =_xlfn.XLOOKUP(E1150,Calendar!C:C,Calendar!B:B) -> Working Day
A1151: A144609 | B1151: Traded Conversions | C1151: kawaljit.k@nexora.live | D1151: 46216.514 | E1151: =INT(D1151) -> 46216 | F1151: Meta6 | G1151: =_xlfn.XLOOKUP(A1151,FTD!A:A,FTD!C:C) -> 1000 | H1151: {=_xlfn.LET( _xlpm.s, TRIM(F1151), _xlpm.p, _xlfn.LAMBDA(_xlpm.x, LEFT(_xlpm.s, LEN(_xlpm.x)) = _xlpm.x), _xlfn.IFS( _xlpm.p("meta6"), 1, _xlpm.p("meta"), 3, _xlpm.p("ref"), 3, OR(_xlpm.p("telegram"), _xlpm.p("instagram"), _xlpm.p("stock meme"), _xlpm.p("gx")), 2, OR(_xlpm.p("application"), _xlpm.p("main website"), _xlpm.p("direct (hot)"), _xlpm.p("sunil"), _xlpm.p("prs"), _xlpm.p("invst (hot)")), 1, TRUE, 2 ) )} -> 1 | I1151: =_xlfn.XLOOKUP(E1151,Calendar!C:C,Calendar!B:B) -> Working Day
A1152: B144100 | B1152: Traded Conversions | C1152: prince@nexora.live | D1152: 46213.806 | E1152: =INT(D1152) -> 46213 | F1152: Referral (HOT) | G1152: =_xlfn.XLOOKUP(A1152,FTD!A:A,FTD!C:C) -> 2000 | H1152: {=_xlfn.LET( _xlpm.s, TRIM(F1152), _xlpm.p, _xlfn.LAMBDA(_xlpm.x, LEFT(_xlpm.s, LEN(_xlpm.x)) = _xlpm.x), _xlfn.IFS( _xlpm.p("meta6"), 1, _xlpm.p("meta"), 3, _xlpm.p("ref"), 3, OR(_xlpm.p("telegram"), _xlpm.p("instagram"), _xlpm.p("stock meme"), _xlpm.p("gx")), 2, OR(_xlpm.p("application"), _xlpm.p("main website"), _xlpm.p("direct (hot)"), _xlpm.p("sunil"), _xlpm.p("prs"), _xlpm.p("invst (hot)")), 1, TRUE, 2 ) )} -> 3 | I1152: =_xlfn.XLOOKUP(E1152,Calendar!C:C,Calendar!B:B) -> Working Day
A1153: A142194 | B1153: Traded Conversions | C1153: renu@nexora.live | D1153: 46219.62 | E1153: =INT(D1153) -> 46219 | F1153: Meta6 | G1153: =_xlfn.XLOOKUP(A1153,FTD!A:A,FTD!C:C) -> 1000 | H1153: {=_xlfn.LET( _xlpm.s, TRIM(F1153), _xlpm.p, _xlfn.LAMBDA(_xlpm.x, LEFT(_xlpm.s, LEN(_xlpm.x)) = _xlpm.x), _xlfn.IFS( _xlpm.p("meta6"), 1, _xlpm.p("meta"), 3, _xlpm.p("ref"), 3, OR(_xlpm.p("telegram"), _xlpm.p("instagram"), _xlpm.p("stock meme"), _xlpm.p("gx")), 2, OR(_xlpm.p("application"), _xlpm.p("main website"), _xlpm.p("direct (hot)"), _xlpm.p("sunil"), _xlpm.p("prs"), _xlpm.p("invst (hot)")), 1, TRUE, 2 ) )} -> 1 | I1153: =_xlfn.XLOOKUP(E1153,Calendar!C:C,Calendar!B:B) -> Working Day
A1154: R99895 | B1154: Traded Conversions | C1154: sana@nexora.live | D1154: 46218.446 | E1154: =INT(D1154) -> 46218 | F1154: META6 | G1154: =_xlfn.XLOOKUP(A1154,FTD!A:A,FTD!C:C) -> 10000 | H1154: {=_xlfn.LET( _xlpm.s, TRIM(F1154), _xlpm.p, _xlfn.LAMBDA(_xlpm.x, LEFT(_xlpm.s, LEN(_xlpm.x)) = _xlpm.x), _xlfn.IFS( _xlpm.p("meta6"), 1, _xlpm.p("meta"), 3, _xlpm.p("ref"), 3, OR(_xlpm.p("telegram"), _xlpm.p("instagram"), _xlpm.p("stock meme"), _xlpm.p("gx")), 2, OR(_xlpm.p("application"), _xlpm.p("main website"), _xlpm.p("direct (hot)"), _xlpm.p("sunil"), _xlpm.p("prs"), _xlpm.p("invst (hot)")), 1, TRUE, 2 ) )} -> 1 | I1154: =_xlfn.XLOOKUP(E1154,Calendar!C:C,Calendar!B:B) -> Working Day
A1155: M152416 | B1155: Traded Conversions | C1155: waman@nexora.live | D1155: 46233.754 | E1155: =INT(D1155) -> 46233 | F1155: MAIN WEBSITE (HOT) | G1155: =_xlfn.XLOOKUP(A1155,FTD!A:A,FTD!C:C) -> 15000 | H1155: {=_xlfn.LET( _xlpm.s, TRIM(F1155), _xlpm.p, _xlfn.LAMBDA(_xlpm.x, LEFT(_xlpm.s, LEN(_xlpm.x)) = _xlpm.x), _xlfn.IFS( _xlpm.p("meta6"), 1, _xlpm.p("meta"), 3, _xlpm.p("ref"), 3, OR(_xlpm.p("telegram"), _xlpm.p("instagram"), _xlpm.p("stock meme"), _xlpm.p("gx")), 2, OR(_xlpm.p("application"), _xlpm.p("main website"), _xlpm.p("direct (hot)"), _xlpm.p("sunil"), _xlpm.p("prs"), _xlpm.p("invst (hot)")), 1, TRUE, 2 ) )} -> 1 | I1155: =_xlfn.XLOOKUP(E1155,Calendar!C:C,Calendar!B:B) -> Working Day
A1156: C152126 | B1156: Traded Conversions | C1156: sachin.g@nexora.live | D1156: 46233.639 | E1156: =INT(D1156) -> 46233 | F1156: MAIN WEBSITE (HOT) | G1156: =_xlfn.XLOOKUP(A1156,FTD!A:A,FTD!C:C) -> 15000 | H1156: {=_xlfn.LET( _xlpm.s, TRIM(F1156), _xlpm.p, _xlfn.LAMBDA(_xlpm.x, LEFT(_xlpm.s, LEN(_xlpm.x)) = _xlpm.x), _xlfn.IFS( _xlpm.p("meta6"), 1, _xlpm.p("meta"), 3, _xlpm.p("ref"), 3, OR(_xlpm.p("telegram"), _xlpm.p("instagram"), _xlpm.p("stock meme"), _xlpm.p("gx")), 2, OR(_xlpm.p("application"), _xlpm.p("main website"), _xlpm.p("direct (hot)"), _xlpm.p("sunil"), _xlpm.p("prs"), _xlpm.p("invst (hot)")), 1, TRUE, 2 ) )} -> 1 | I1156: =_xlfn.XLOOKUP(E1156,Calendar!C:C,Calendar!B:B) -> Working Day
A1157: K148103 | B1157: Traded Conversions | C1157: chandan.y@nexora.live | D1157: 46223.742 | E1157: =INT(D1157) -> 46223 | F1157: Telegram | G1157: =_xlfn.XLOOKUP(A1157,FTD!A:A,FTD!C:C) -> 1000 | H1157: {=_xlfn.LET( _xlpm.s, TRIM(F1157), _xlpm.p, _xlfn.LAMBDA(_xlpm.x, LEFT(_xlpm.s, LEN(_xlpm.x)) = _xlpm.x), _xlfn.IFS( _xlpm.p("meta6"), 1, _xlpm.p("meta"), 3, _xlpm.p("ref"), 3, OR(_xlpm.p("telegram"), _xlpm.p("instagram"), _xlpm.p("stock meme"), _xlpm.p("gx")), 2, OR(_xlpm.p("application"), _xlpm.p("main website"), _xlpm.p("direct (hot)"), _xlpm.p("sunil"), _xlpm.p("prs"), _xlpm.p("invst (hot)")), 1, TRUE, 2 ) )} -> 2 | I1157: =_xlfn.XLOOKUP(E1157,Calendar!C:C,Calendar!B:B) -> Working Day
A1158: T139651 | B1158: Traded Conversions | C1158: deepa.negi@nexora.live | D1158: 46204.933 | E1158: =INT(D1158) -> 46204 | F1158: Referral (HOT) | G1158: =_xlfn.XLOOKUP(A1158,FTD!A:A,FTD!C:C) -> 1200 | H1158: {=_xlfn.LET( _xlpm.s, TRIM(F1158), _xlpm.p, _xlfn.LAMBDA(_xlpm.x, LEFT(_xlpm.s, LEN(_xlpm.x)) = _xlpm.x), _xlfn.IFS( _xlpm.p("meta6"), 1, _xlpm.p("meta"), 3, _xlpm.p("ref"), 3, OR(_xlpm.p("telegram"), _xlpm.p("instagram"), _xlpm.p("stock meme"), _xlpm.p("gx")), 2, OR(_xlpm.p("application"), _xlpm.p("main website"), _xlpm.p("direct (hot)"), _xlpm.p("sunil"), _xlpm.p("prs"), _xlpm.p("invst (hot)")), 1, TRUE, 2 ) )} -> 3 | I1158: =_xlfn.XLOOKUP(E1158,Calendar!C:C,Calendar!B:B) -> Working Day
A1159: N144981 | B1159: Traded Conversions | C1159: sachin.g@nexora.live | D1159: 46216.446 | E1159: =INT(D1159) -> 46216 | F1159: MAIN WEBSITE (HOT) | G1159: =_xlfn.XLOOKUP(A1159,FTD!A:A,FTD!C:C) -> 40000 | H1159: {=_xlfn.LET( _xlpm.s, TRIM(F1159), _xlpm.p, _xlfn.LAMBDA(_xlpm.x, LEFT(_xlpm.s, LEN(_xlpm.x)) = _xlpm.x), _xlfn.IFS( _xlpm.p("meta6"), 1, _xlpm.p("meta"), 3, _xlpm.p("ref"), 3, OR(_xlpm.p("telegram"), _xlpm.p("instagram"), _xlpm.p("stock meme"), _xlpm.p("gx")), 2, OR(_xlpm.p("application"), _xlpm.p("main website"), _xlpm.p("direct (hot)"), _xlpm.p("sunil"), _xlpm.p("prs"), _xlpm.p("invst (hot)")), 1, TRUE, 2 ) )} -> 1 | I1159: =_xlfn.XLOOKUP(E1159,Calendar!C:C,Calendar!B:B) -> Working Day
A1160: A150761 | B1160: Traded Conversions | C1160: vaibhav@nexora.live | D1160: 46230.662 | E1160: =INT(D1160) -> 46230 | F1160: Referral (HOT) | G1160: =_xlfn.XLOOKUP(A1160,FTD!A:A,FTD!C:C) -> 1011 | H1160: {=_xlfn.LET( _xlpm.s, TRIM(F1160), _xlpm.p, _xlfn.LAMBDA(_xlpm.x, LEFT(_xlpm.s, LEN(_xlpm.x)) = _xlpm.x), _xlfn.IFS( _xlpm.p("meta6"), 1, _xlpm.p("meta"), 3, _xlpm.p("ref"), 3, OR(_xlpm.p("telegram"), _xlpm.p("instagram"), _xlpm.p("stock meme"), _xlpm.p("gx")), 2, OR(_xlpm.p("application"), _xlpm.p("main website"), _xlpm.p("direct (hot)"), _xlpm.p("sunil"), _xlpm.p("prs"), _xlpm.p("invst (hot)")), 1, TRUE, 2 ) )} -> 3 | I1160: =_xlfn.XLOOKUP(E1160,Calendar!C:C,Calendar!B:B) -> Working Day
A1161: S149983 | B1161: Old Portal_1YT | C1161: ranbeer@nexora.live | D1161: 46233.533 | E1161: =INT(D1161) -> 46233 | F1161: MAIN WEBSITE (HOT) | G1161: =_xlfn.XLOOKUP(A1161,FTD!A:A,FTD!C:C) -> 1000 | H1161: {=_xlfn.LET( _xlpm.s, TRIM(F1161), _xlpm.p, _xlfn.LAMBDA(_xlpm.x, LEFT(_xlpm.s, LEN(_xlpm.x)) = _xlpm.x), _xlfn.IFS( _xlpm.p("meta6"), 1, _xlpm.p("meta"), 3, _xlpm.p("ref"), 3, OR(_xlpm.p("telegram"), _xlpm.p("instagram"), _xlpm.p("stock meme"), _xlpm.p("gx")), 2, OR(_xlpm.p("application"), _xlpm.p("main website"), _xlpm.p("direct (hot)"), _xlpm.p("sunil"), _xlpm.p("prs"), _xlpm.p("invst (hot)")), 1, TRUE, 2 ) )} -> 1 | I1161: =_xlfn.XLOOKUP(E1161,Calendar!C:C,Calendar!B:B) -> Working Day
A1162: S145300 | B1162: Old Portal_1YT | C1162: adharv@nexora.live | D1162: 46226.843 | E1162: =INT(D1162) -> 46226 | F1162: MAIN WEBSITE (HOT) | G1162: =_xlfn.XLOOKUP(A1162,FTD!A:A,FTD!C:C) -> 5000 | H1162: {=_xlfn.LET( _xlpm.s, TRIM(F1162), _xlpm.p, _xlfn.LAMBDA(_xlpm.x, LEFT(_xlpm.s, LEN(_xlpm.x)) = _xlpm.x), _xlfn.IFS( _xlpm.p("meta6"), 1, _xlpm.p("meta"), 3, _xlpm.p("ref"), 3, OR(_xlpm.p("telegram"), _xlpm.p("instagram"), _xlpm.p("stock meme"), _xlpm.p("gx")), 2, OR(_xlpm.p("application"), _xlpm.p("main website"), _xlpm.p("direct (hot)"), _xlpm.p("sunil"), _xlpm.p("prs"), _xlpm.p("invst (hot)")), 1, TRUE, 2 ) )} -> 1 | I1162: =_xlfn.XLOOKUP(E1162,Calendar!C:C,Calendar!B:B) -> Working Day
... A1383: G67361 | B1383: Traded Conversions | C1383: ankita@nexora.live | D1383: 46209.773 | E1383: =INT(D1383) -> 46209 | F1383: META6 | G1383: =_xlfn.XLOOKUP(A1383,FTD!A:A,FTD!C:C) -> 1000 | H1383: {=_xlfn.LET( _xlpm.s, TRIM(F1383), _xlpm.p, _xlfn.LAMBDA(_xlpm.x, LEFT(_xlpm.s, LEN(_xlpm.x)) = _xlpm.x), _xlfn.IFS( _xlpm.p("meta6"), 1, _xlpm.p("meta"), 3, _xlpm.p("ref"), 3, OR(_xlpm.p("telegram"), _xlpm.p("instagram"), _xlpm.p("stock meme"), _xlpm.p("gx")), 2, OR(_xlpm.p("application"), _xlpm.p("main website"), _xlpm.p("direct (hot)"), _xlpm.p("sunil"), _xlpm.p("prs"), _xlpm.p("invst (hot)")), 1, TRUE, 2 ) )} -> 1 | I1383: =_xlfn.XLOOKUP(E1383,Calendar!C:C,Calendar!B:B) -> Working Day

Sheet Calendar
A1: calendar_date | B1: Status | C1: Date Clean
A2: 46023 | B2: =_xlfn.LET(_xlpm.x, _xlfn.XLOOKUP(A2,Holidays!A:A,Holidays!B:B,""), IF(_xlpm.x="", "Working Day", _xlpm.x)) -> Working Day | C2: =INT(A2) -> 46023
A3: 46024 | B3: =_xlfn.LET(_xlpm.x, _xlfn.XLOOKUP(A3,Holidays!A:A,Holidays!B:B,""), IF(_xlpm.x="", "Working Day", _xlpm.x)) -> Working Day | C3: =INT(A3) -> 46024
A4: 46025 | B4: =_xlfn.LET(_xlpm.x, _xlfn.XLOOKUP(A4,Holidays!A:A,Holidays!B:B,""), IF(_xlpm.x="", "Working Day", _xlpm.x)) -> Saturday | C4: =INT(A4) -> 46025
A5: 46026 | B5: =_xlfn.LET(_xlpm.x, _xlfn.XLOOKUP(A5,Holidays!A:A,Holidays!B:B,""), IF(_xlpm.x="", "Working Day", _xlpm.x)) -> Sunday | C5: =INT(A5) -> 46026
A6: 46027 | B6: =_xlfn.LET(_xlpm.x, _xlfn.XLOOKUP(A6,Holidays!A:A,Holidays!B:B,""), IF(_xlpm.x="", "Working Day", _xlpm.x)) -> Working Day | C6: =INT(A6) -> 46027
A7: 46028 | B7: =_xlfn.LET(_xlpm.x, _xlfn.XLOOKUP(A7,Holidays!A:A,Holidays!B:B,""), IF(_xlpm.x="", "Working Day", _xlpm.x)) -> Working Day | C7: =INT(A7) -> 46028
A8: 46029 | B8: =_xlfn.LET(_xlpm.x, _xlfn.XLOOKUP(A8,Holidays!A:A,Holidays!B:B,""), IF(_xlpm.x="", "Working Day", _xlpm.x)) -> Working Day | C8: =INT(A8) -> 46029
A9: 46030 | B9: =_xlfn.LET(_xlpm.x, _xlfn.XLOOKUP(A9,Holidays!A:A,Holidays!B:B,""), IF(_xlpm.x="", "Working Day", _xlpm.x)) -> Working Day | C9: =INT(A9) -> 46030
A10: 46031 | B10: =_xlfn.LET(_xlpm.x, _xlfn.XLOOKUP(A10,Holidays!A:A,Holidays!B:B,""), IF(_xlpm.x="", "Working Day", _xlpm.x)) -> Working Day | C10: =INT(A10) -> 46031
A11: 46032 | B11: =_xlfn.LET(_xlpm.x, _xlfn.XLOOKUP(A11,Holidays!A:A,Holidays!B:B,""), IF(_xlpm.x="", "Working Day", _xlpm.x)) -> Saturday | C11: =INT(A11) -> 46032
A12: 46033 | B12: =_xlfn.LET(_xlpm.x, _xlfn.XLOOKUP(A12,Holidays!A:A,Holidays!B:B,""), IF(_xlpm.x="", "Working Day", _xlpm.x)) -> Sunday | C12: =INT(A12) -> 46033
A13: 46034 | B13: =_xlfn.LET(_xlpm.x, _xlfn.XLOOKUP(A13,Holidays!A:A,Holidays!B:B,""), IF(_xlpm.x="", "Working Day", _xlpm.x)) -> Working Day | C13: =INT(A13) -> 46034
... A366: 46387 | B366: =_xlfn.LET(_xlpm.x, _xlfn.XLOOKUP(A366,Holidays!A:A,Holidays!B:B,""), IF(_xlpm.x="", "Working Day", _xlpm.x)) -> Working Day | C366: =INT(A366) -> 46387

Sheet Holidays
A1: Date | B1: Holiday_Type
A2: 46025 | B2: Saturday
A3: 46026 | B3: Sunday
A4: 46032 | B4: Saturday
A5: 46033 | B5: Sunday
A6: 46039 | B6: Saturday
A7: 46040 | B7: Sunday
A8: 46046 | B8: Saturday
A9: 46047 | B9: Sunday
A10: 46048 | B10: NSE Holiday
A11: 46053 | B11: Saturday
A12: 46054 | B12: Sunday
A13: 46060 | B13: Saturday
... A120: 46383 | B120: Sunday

Sheet FTD
A1: l.ClientID | B1: fd.first_day | C1: first_day_deposit
A2: Y45610 | B2: 46003 | C2: 500
A3: M29365 | B3: 46006 | C3: 500
A4: M48679 | B4: 46008 | C4: 500
A5: P54093 | B5: 46017 | C5: 500
A6: P61669 | B6: 46037 | C6: 1000
A7: V57067 | B7: 46056 | C7: 1001
A8: B74568 | B8: 46057 | C8: 1000
A9: P76843 | B9: 46059 | C9: 1000
A10: R68577 | B10: 46078 | C10: 2500
A11: R89787 | B11: 46087 | C11: 527
A12: V63623 | B12: 46100 | C12: 1000
A13: S98681 | B13: 46106 | C13: 1000
... A1381: S150553 | B1381: 46234 | C1381: 1000

Sheet Attendance
A1: SR No | B1: Employee code | C1: CRM ID | D1: CRM Name | E1: Full Name | F1: Email ID | G1: Religion | H1: Date Of Joining | I1: Shift | J1: Pool | K1: TL | L1: Location | M1: Status - Active/Inactive | N1: Scalebot | O1: Whatsapp | P1: Whatsapp Number | Q1: Watii | R1: Virtual Whatsapp | S1: Language | T1: New web trader account id | U1: 46204 | V1: 46205 | W1: 46206 | X1: 46207 | Y1: 46208 | Z1: 46209 | AA1: 46210 | AB1: 46211 | AC1: 46212 | AD1: 46213 | AE1: 46214 | AF1: 46215 | AG1: 46216 | AH1: 46217 | AI1: 46218 | AJ1: 46219 | AK1: 46220 | AL1: 46221 | AM1: 46222 | AN1: 46223 | AO1: 46224 | AP1: 46225 | AQ1: 46226 | AR1: 46227 | AS1: 46228 | AT1: 46229 | AU1: 46230 | AV1: 46231 | AW1: 46232 | AX1: 46233 | AY1: 46234 | AZ1: Total Days | BA1: Present | BB1: Half-Day | BC1: Leave | BD1: Casual leave | BE1: Holiday | BF1: Comp-off | BG1: Earned Leave | BH1: UL/Leave | BI1: UL P | BJ1: LWP/Penalty | BK1: Week Off | BL1: Payable Days | BM1: Final Target | BN1: Refer Target | BO1: Incentive Eligibility | BP1: Refer Eligibility | BQ1: Leaves
A2: 1 | B2: E-1253 | C2: 13INASHUTOSH0823 | D2: Ashutosh | E2: Ashutosh Singh | F2: ashutosh@nexora.live | G2: NON MUSLIM | H2: 45152 | J2: 1 | K2: Saif | L2: WFH - Adya IT | M2: Active | N2: No | O2: No | P2: 9301953889 | R2: +1 (938) 290-0306 | S2: Hindi,English | T2: A18844 | U2: PP | V2: Leave | W2: PP | X2: WO | Y2: PP | Z2: PP | AA2: PP | AB2: PP | AC2: PP | AD2: PP | AE2: PP | AF2: WO | AG2: PP | AH2: PP | AI2: PP | AJ2: PP | AK2: PP | AL2: WO | AM2: PP | AN2: PP | AO2: PP | AP2: PP | AQ2: PP | AR2: PP | AS2: WO | AT2: PP | AU2: PP | AV2: PP | AW2: PP | AX2: PP | AZ2: =COUNTA(U2:AY2)-COUNTIF(U2:AY2,"N/A")-COUNTIF(U2:AY2,"attrite") -> 30 | BA2: =COUNTIF(U2:AY2,"PP") -> 25 | BB2: =COUNTIF(U2:AY2,"Half-Day") -> 0 | BC2: =COUNTIF(U2:AY2,"Leave") -> 1 | BD2: =COUNTIF(U2:AY2,"CL") -> 0 | BE2: =COUNTIF(U2:AY2,"HO") -> 0 | BF2: =COUNTIF(AY2:$BZT2,"Comp-off") -> 0 | BG2: =COUNTIF(U2:AY2,"EL") -> 0 | BH2: =COUNTIF(U2:AY2,"UL") -> 0 | BI2: =COUNTIF(U2:AY2,"UL P") -> 0 | BJ2: =COUNTIF(U2:AY2,"LWP") -> 0 | BK2: =COUNTIF(U2:AY2,"WO") -> 4 | BL2: =BA2+BB2*0.5+BK2+BE2+BD2+BF2+BG2 -> 29 | BM2: 120 | BN2: 25 | BO2: =INT(BM2*0.8) -> 96 | BP2: =INT(BN2*0.8) -> 20 | BQ2: =BB2*0.5+BC2+BH2 -> 1
A3: 2 | B3: E-1255 | C3: 18INPRINCE0923 | D3: Prince Priye | E3: Prince Priye | F3: prince@nexora.live | G3: NON MUSLIM | H3: 45182 | J3: 1 | K3: Saif | L3: WFH - Adya IT | M3: Active | N3: No | O3: No | P3: 9589543480 | R3: +44 7781587534 | S3: Hindi and English | T3: P18858 | U3: Leave | V3: UL | W3: PP | X3: PP | Y3: WO | Z3: PP | AA3: PP | AB3: PP | AC3: PP | AD3: PP | AE3: WO | AF3: PP | AG3: PP | AH3: PP | AI3: PP | AJ3: PP | AK3: PP | AL3: PP | AM3: WO | AN3: PP | AO3: PP | AP3: PP | AQ3: PP | AR3: PP | AS3: CL | AT3: WO | AU3: PP | AV3: PP | AW3: PP | AX3: PP | AZ3: =COUNTA(U3:AY3)-COUNTIF(U3:AY3,"N/A")-COUNTIF(U3:AY3,"attrite") -> 30 | BA3: =COUNTIF(U3:AY3,"PP") -> 23 | BB3: =COUNTIF(U3:AY3,"Half-Day") -> 0 | BC3: =COUNTIF(U3:AY3,"Leave") -> 1 | BD3: =COUNTIF(U3:AY3,"CL") -> 1 | BE3: =COUNTIF(U3:AY3,"HO") -> 0 | BF3: =COUNTIF(AY3:$BZT3,"Comp-off") -> 0 | BG3: =COUNTIF(U3:AY3,"EL") -> 0 | BH3: =COUNTIF(U3:AY3,"UL") -> 1 | BI3: =COUNTIF(U3:AY3,"UL P") -> 0 | BJ3: =COUNTIF(U3:AY3,"LWP") -> 0 | BK3: =COUNTIF(U3:AY3,"WO") -> 4 | BL3: =BA3+BB3*0.5+BK3+BE3+BD3+BF3+BG3 -> 28 | BM3: 120 | BN3: 25 | BO3: =INT(BM3*0.8) -> 96 | BP3: =INT(BN3*0.8) -> 20 | BQ3: =BB3*0.5+BC3+BH3 -> 2
A4: 3 | B4: E-1252 | C4: 88WAMAN1123 | D4: Waman A | E4: Waman Avhad | F4: waman@nexora.live | G4: NON MUSLIM | H4: 45512 | J4: 1 | K4: Saif | L4: WFH - Adya IT | M4: Active | N4: Yes | O4: No | P4: 7415290527 | R4: No | S4: Marathi and Hindi | T4: W18916 | U4: PP | V4: PP | W4: PP | X4: Leave | Y4: WO | Z4: PP | AA4: PP | AB4: PP | AC4: PP | AD4: PP | AE4: WO | AF4: PP | AG4: PP | AH4: PP | AI4: PP | AJ4: PP | AK4: Leave | AL4: PP | AM4: WO | AN4: PP | AO4: PP | AP4: PP | AQ4: PP | AR4: PP | AS4: WO | AT4: PP | AU4: PP | AV4: PP | AW4: PP | AX4: PP | AZ4: =COUNTA(U4:AY4)-COUNTIF(U4:AY4,"N/A")-COUNTIF(U4:AY4,"attrite") -> 30 | BA4: =COUNTIF(U4:AY4,"PP") -> 24 | BB4: =COUNTIF(U4:AY4,"Half-Day") -> 0 | BC4: =COUNTIF(U4:AY4,"Leave") -> 2 | BD4: =COUNTIF(U4:AY4,"CL") -> 0 | BE4: =COUNTIF(U4:AY4,"HO") -> 0 | BF4: =COUNTIF(AY4:$BZT4,"Comp-off") -> 0 | BG4: =COUNTIF(U4:AY4,"EL") -> 0 | BH4: =COUNTIF(U4:AY4,"UL") -> 0 | BI4: =COUNTIF(U4:AY4,"UL P") -> 0 | BJ4: =COUNTIF(U4:AY4,"LWP") -> 0 | BK4: =COUNTIF(U4:AY4,"WO") -> 4 | BL4: =BA4+BB4*0.5+BK4+BE4+BD4+BF4+BG4 -> 28 | BM4: 120 | BN4: 25 | BO4: =INT(BM4*0.8) -> 96 | BP4: =INT(BN4*0.8) -> 20 | BQ4: =BB4*0.5+BC4+BH4 -> 2
A5: 4 | B5: E-1706 | C5: 520INNair0525 | D5: Nair | E5: Narendra Merotra | F5: nair@nexora.live | G5: NON MUSLIM | H5: 45800 | J5: 1 | K5: Saif | L5: WFH - Direct | M5: Active | N5: Yes | O5: No | P5: 9401001984 | R5: +1 2626125828 | S5: Hindi and English | T5: N72518 | U5: PP | V5: PP | W5: PP | X5: WO | Y5: PP | Z5: PP | AA5: PP | AB5: PP | AC5: PP | AD5: PP | AE5: PP | AF5: WO | AG5: Leave | AH5: Leave | AI5: PP | AJ5: PP | AK5: PP | AL5: WO | AM5: PP | AN5: PP | AO5: PP | AP5: PP | AQ5: PP | AR5: PP | AS5: PP | AT5: WO | AU5: PP | AV5: PP | AW5: PP | AX5: PP | AZ5: =COUNTA(U5:AY5)-COUNTIF(U5:AY5,"N/A")-COUNTIF(U5:AY5,"attrite") -> 30 | BA5: =COUNTIF(U5:AY5,"PP") -> 24 | BB5: =COUNTIF(U5:AY5,"Half-Day") -> 0 | BC5: =COUNTIF(U5:AY5,"Leave") -> 2 | BD5: =COUNTIF(U5:AY5,"CL") -> 0 | BE5: =COUNTIF(U5:AY5,"HO") -> 0 | BF5: =COUNTIF(AY5:$BZT5,"Comp-off") -> 0 | BG5: =COUNTIF(U5:AY5,"EL") -> 0 | BH5: =COUNTIF(U5:AY5,"UL") -> 0 | BI5: =COUNTIF(U5:AY5,"UL P") -> 0 | BJ5: =COUNTIF(U5:AY5,"LWP") -> 0 | BK5: =COUNTIF(U5:AY5,"WO") -> 4 | BL5: =BA5+BB5*0.5+BK5+BE5+BD5+BF5+BG5 -> 28 | BM5: 120 | BN5: 25 | BO5: =INT(BM5*0.8) -> 96 | BP5: =INT(BN5*0.8) -> 20 | BQ5: =BB5*0.5+BC5+BH5 -> 2
A6: 5 | B6: E-1668 | C6: 475INSUSHIL0525 | D6: Sushil | E6: Sandeep | F6: sushil@nexora.live | G6: NON MUSLIM | H6: 45777 | J6: 1 | K6: Saif | L6: WFH - Direct | M6: Active | N6: Yes | O6: No | R6: +1 (262) 612-0567 | S6: Hindi | T6: M18781 | U6: PP | V6: PP | W6: PP | X6: PP | Y6: WO | Z6: PP | AA6: PP | AB6: PP | AC6: PP | AD6: PP | AE6: PP | AF6: WO | AG6: PP | AH6: PP | AI6: PP | AJ6: PP | AK6: PP | AL6: WO | AM6: CL | AN6: PP | AO6: PP | AP6: PP | AQ6: PP | AR6: PP | AS6: PP | AT6: WO | AU6: PP | AV6: PP | AW6: PP | AX6: PP | AZ6: =COUNTA(U6:AY6)-COUNTIF(U6:AY6,"N/A")-COUNTIF(U6:AY6,"attrite") -> 30 | BA6: =COUNTIF(U6:AY6,"PP") -> 25 | BB6: =COUNTIF(U6:AY6,"Half-Day") -> 0 | BC6: =COUNTIF(U6:AY6,"Leave") -> 0 | BD6: =COUNTIF(U6:AY6,"CL") -> 1 | BE6: =COUNTIF(U6:AY6,"HO") -> 0 | BF6: =COUNTIF(AY6:$BZT6,"Comp-off") -> 0 | BG6: =COUNTIF(U6:AY6,"EL") -> 0 | BH6: =COUNTIF(U6:AY6,"UL") -> 0 | BI6: =COUNTIF(U6:AY6,"UL P") -> 0 | BJ6: =COUNTIF(U6:AY6,"LWP") -> 0 | BK6: =COUNTIF(U6:AY6,"WO") -> 4 | BL6: =BA6+BB6*0.5+BK6+BE6+BD6+BF6+BG6 -> 30 | BM6: 120 | BN6: 25 | BO6: =INT(BM6*0.8) -> 96 | BP6: =INT(BN6*0.8) -> 20 | BQ6: =BB6*0.5+BC6+BH6 -> 0
A7: 6 | B7: E-1261 | C7: 124INSACHIN0324 | D7: Sachin | E7: Sachin | F7: sachin.g@nexora.live | G7: NON MUSLIM | H7: 45590 | J7: 1 | K7: Saif | L7: WFH - Adya IT | M7: Active | N7: No | O7: No | Q7: No | R7: yes | S7: Hindi | T7: S18899 | U7: PP | V7: PP | W7: PP | X7: WO | Y7: PP | Z7: PP | AA7: PP | AB7: PP | AC7: PP | AD7: PP | AE7: WO | AF7: PP | AG7: PP | AH7: PP | AI7: PP | AJ7: PP | AK7: PP | AL7: CL | AM7: WO | AN7: PP | AO7: PP | AP7: PP | AQ7: PP | AR7: PP | AS7: PP | AT7: WO | AU7: PP | AV7: PP | AW7: PP | AX7: PP | AZ7: =COUNTA(U7:AY7)-COUNTIF(U7:AY7,"N/A")-COUNTIF(U7:AY7,"attrite") -> 30 | BA7: =COUNTIF(U7:AY7,"PP") -> 25 | BB7: =COUNTIF(U7:AY7,"Half-Day") -> 0 | BC7: =COUNTIF(U7:AY7,"Leave") -> 0 | BD7: =COUNTIF(U7:AY7,"CL") -> 1 | BE7: =COUNTIF(U7:AY7,"HO") -> 0 | BF7: =COUNTIF(AY7:$BZT7,"Comp-off") -> 0 | BG7: =COUNTIF(U7:AY7,"EL") -> 0 | BH7: =COUNTIF(U7:AY7,"UL") -> 0 | BI7: =COUNTIF(U7:AY7,"UL P") -> 0 | BJ7: =COUNTIF(U7:AY7,"LWP") -> 0 | BK7: =COUNTIF(U7:AY7,"WO") -> 4 | BL7: =BA7+BB7*0.5+BK7+BE7+BD7+BF7+BG7 -> 30 | BM7: 120 | BN7: 25 | BO7: =INT(BM7*0.8) -> 96 | BP7: =INT(BN7*0.8) -> 20 | BQ7: =BB7*0.5+BC7+BH7 -> 0
A8: 7 | B8: E-2235 | C8: Sushma | D8: Sushma | E8: Jyoti Jha | F8: sushma@nexora.live | G8: NON MUSLIM | H8: 46162 | J8: New OJT | K8: Saif | L8: WFH - Direct | M8: Active | N8: Yes | O8: NO | S8: Hindi and English | T8: J124196 | U8: PP | V8: PP | W8: PP | X8: PP | Y8: WO | Z8: PP | AA8: PP | AB8: PP | AC8: Half-Day | AD8: Leave | AE8: WO | AF8: PP | AG8: PP | AH8: PP | AI8: PP | AJ8: PP | AK8: PP | AL8: PP | AM8: WO | AN8: PP | AO8: PP | AP8: PP | AQ8: PP | AR8: PP | AS8: PP | AT8: WO | AU8: PP | AV8: PP | AW8: PP | AX8: PP | AZ8: =COUNTA(U8:AY8)-COUNTIF(U8:AY8,"N/A")-COUNTIF(U8:AY8,"attrite") -> 30 | BA8: =COUNTIF(U8:AY8,"PP") -> 24 | BB8: =COUNTIF(U8:AY8,"Half-Day") -> 1 | BC8: =COUNTIF(U8:AY8,"Leave") -> 1 | BD8: =COUNTIF(U8:AY8,"CL") -> 0 | BE8: =COUNTIF(U8:AY8,"HO") -> 0 | BF8: =COUNTIF(AY8:$BZT8,"Comp-off") -> 0 | BG8: =COUNTIF(U8:AY8,"EL") -> 0 | BH8: =COUNTIF(U8:AY8,"UL") -> 0 | BI8: =COUNTIF(U8:AY8,"UL P") -> 0 | BJ8: =COUNTIF(U8:AY8,"LWP") -> 0 | BK8: =COUNTIF(U8:AY8,"WO") -> 4 | BL8: =BA8+BB8*0.5+BK8+BE8+BD8+BF8+BG8 -> 28.5 | BM8: 15 | BN8: 4 | BO8: 12 | BP8: 3 | BQ8: =BB8*0.5+BC8+BH8 -> 1.5
A9: 8 | B9: E-2236 | C9: Divya | D9: Divya | E9: Nikita Chaturvedi | F9: divya.d@nexora.live | G9: NON MUSLIM | H9: 46162 | J9: New OJT | K9: Saif | L9: WFH - Direct | M9: Active | N9: Yes | O9: NO | S9: Hindi, Bhogpuri and English | T9: N124198 | U9: PP | V9: PP | W9: PP | X9: WO | Y9: PP | Z9: PP | AA9: PP | AB9: PP | AC9: PP | AD9: PP | AE9: WO | AF9: PP | AG9: PP | AH9: PP | AI9: PP | AJ9: PP | AK9: PP | AL9: PP | AM9: WO | AN9: PP | AO9: PP | AP9: PP | AQ9: PP | AR9: PP | AS9: WO | AT9: PP | AU9: PP | AV9: PP | AW9: PP | AX9: PP | AZ9: =COUNTA(U9:AY9)-COUNTIF(U9:AY9,"N/A")-COUNTIF(U9:AY9,"attrite") -> 30 | BA9: =COUNTIF(U9:AY9,"PP") -> 26 | BB9: =COUNTIF(U9:AY9,"Half-Day") -> 0 | BC9: =COUNTIF(U9:AY9,"Leave") -> 0 | BD9: =COUNTIF(U9:AY9,"CL") -> 0 | BE9: =COUNTIF(U9:AY9,"HO") -> 0 | BF9: =COUNTIF(AY9:$BZT9,"Comp-off") -> 0 | BG9: =COUNTIF(U9:AY9,"EL") -> 0 | BH9: =COUNTIF(U9:AY9,"UL") -> 0 | BI9: =COUNTIF(U9:AY9,"UL P") -> 0 | BJ9: =COUNTIF(U9:AY9,"LWP") -> 0 | BK9: =COUNTIF(U9:AY9,"WO") -> 4 | BL9: =BA9+BB9*0.5+BK9+BE9+BD9+BF9+BG9 -> 30 | BM9: 15 | BN9: 4 | BO9: 12 | BP9: 3 | BQ9: =BB9*0.5+BC9+BH9 -> 0
A10: 9 | B10: E-2237 | C10: Deepraj | D10: Deepraj | E10: Rahul Kumar | F10: deepraj@nexora.live | G10: NON MUSLIM | H10: 46162 | J10: New OJT | K10: Saif | L10: WFH - Direct | M10: Active | N10: Yes | O10: NO | S10: Hindi and English | T10: R124200 | U10: PP | V10: PP | W10: PP | X10: PP | Y10: WO | Z10: PP | AA10: PP | AB10: PP | AC10: PP | AD10: PP | AE10: PP | AF10: WO | AG10: PP | AH10: PP | AI10: PP | AJ10: PP | AK10: PP | AL10: PP | AM10: WO | AN10: PP | AO10: PP | AP10: PP | AQ10: PP | AR10: PP | AS10: WO | AT10: PP | AU10: PP | AV10: PP | AW10: PP | AX10: PP | AZ10: =COUNTA(U10:AY10)-COUNTIF(U10:AY10,"N/A")-COUNTIF(U10:AY10,"attrite") -> 30 | BA10: =COUNTIF(U10:AY10,"PP") -> 26 | BB10: =COUNTIF(U10:AY10,"Half-Day") -> 0 | BC10: =COUNTIF(U10:AY10,"Leave") -> 0 | BD10: =COUNTIF(U10:AY10,"CL") -> 0 | BE10: =COUNTIF(U10:AY10,"HO") -> 0 | BF10: =COUNTIF(AY10:$BZT10,"Comp-off") -> 0 | BG10: =COUNTIF(U10:AY10,"EL") -> 0 | BH10: =COUNTIF(U10:AY10,"UL") -> 0 | BI10: =COUNTIF(U10:AY10,"UL P") -> 0 | BJ10: =COUNTIF(U10:AY10,"LWP") -> 0 | BK10: =COUNTIF(U10:AY10,"WO") -> 4 | BL10: =BA10+BB10*0.5+BK10+BE10+BD10+BF10+BG10 -> 30 | BM10: 15 | BN10: 4 | BO10: 12 | BP10: 3 | BQ10: =BB10*0.5+BC10+BH10 -> 0
A11: 10 | B11: E-2238 | C11: Nitish | D11: Nitish | E11: Sonu Yadav | F11: nitish@nexora.live | G11: NON MUSLIM | H11: 46162 | J11: New OJT | K11: Saif | L11: WFH - Direct | M11: Active | N11: Yes | O11: NO | S11: Hindi and English | T11: S124201 | U11: PP | V11: PP | W11: PP | X11: WO | Y11: PP | Z11: PP | AA11: Leave | AB11: PP | AC11: PP | AD11: PP | AE11: WO | AF11: PP | AG11: Half-Day | AH11: PP | AI11: PP | AJ11: PP | AK11: PP | AL11: PP | AM11: WO | AN11: Leave | AO11: PP | AP11: PP | AQ11: PP | AR11: PP | AS11: WO | AT11: PP | AU11: PP | AV11: PP | AW11: PP | AX11: PP | AZ11: =COUNTA(U11:AY11)-COUNTIF(U11:AY11,"N/A")-COUNTIF(U11:AY11,"attrite") -> 30 | BA11: =COUNTIF(U11:AY11,"PP") -> 23 | BB11: =COUNTIF(U11:AY11,"Half-Day") -> 1 | BC11: =COUNTIF(U11:AY11,"Leave") -> 2 | BD11: =COUNTIF(U11:AY11,"CL") -> 0 | BE11: =COUNTIF(U11:AY11,"HO") -> 0 | BF11: =COUNTIF(AY11:$BZT11,"Comp-off") -> 0 | BG11: =COUNTIF(U11:AY11,"EL") -> 0 | BH11: =COUNTIF(U11:AY11,"UL") -> 0 | BI11: =COUNTIF(U11:AY11,"UL P") -> 0 | BJ11: =COUNTIF(U11:AY11,"LWP") -> 0 | BK11: =COUNTIF(U11:AY11,"WO") -> 4 | BL11: =BA11+BB11*0.5+BK11+BE11+BD11+BF11+BG11 -> 27.5 | BM11: 15 | BN11: 4 | BO11: 12 | BP11: 3 | BQ11: =BB11*0.5+BC11+BH11 -> 2.5
A12: 11 | B12: E-2239 | C12: Akhil | D12: Akhil | E12: Yuvraj | F12: akhil@nexora.live | G12: NON MUSLIM | H12: 46162 | J12: New OJT | K12: Saif | L12: WFH - Direct | M12: Active | N12: Yes | O12: NO | S12: Hindi and English | T12: Y124202 | U12: PP | V12: PP | W12: PP | X12: WO | Y12: PP | Z12: PP | AA12: PP | AB12: PP | AC12: PP | AD12: PP | AE12: WO | AF12: PP | AG12: PP | AH12: PP | AI12: PP | AJ12: PP | AK12: PP | AL12: PP | AM12: WO | AO12: PP | AP12: PP | AQ12: PP | AR12: PP | AS12: WO | AT12: PP | AU12: PP | AW12: Attrite | AX12: Attrite | AZ12: =COUNTA(U12:AY12)-COUNTIF(U12:AY12,"N/A")-COUNTIF(U12:AY12,"attrite") -> 26 | BA12: =COUNTIF(U12:AY12,"PP") -> 22 | BB12: =COUNTIF(U12:AY12,"Half-Day") -> 0 | BC12: =COUNTIF(U12:AY12,"Leave") -> 0 | BD12: =COUNTIF(U12:AY12,"CL") -> 0 | BE12: =COUNTIF(U12:AY12,"HO") -> 0 | BF12: =COUNTIF(AY12:$BZT12,"Comp-off") -> 0 | BG12: =COUNTIF(U12:AY12,"EL") -> 0 | BH12: =COUNTIF(U12:AY12,"UL") -> 0 | BI12: =COUNTIF(U12:AY12,"UL P") -> 0 | BJ12: =COUNTIF(U12:AY12,"LWP") -> 0 | BK12: =COUNTIF(U12:AY12,"WO") -> 4 | BL12: =BA12+BB12*0.5+BK12+BE12+BD12+BF12+BG12 -> 26 | BM12: 15 | BN12: 4 | BO12: 12 | BP12: 3 | BQ12: =BB12*0.5+BC12+BH12 -> 0
A13: 12 | B13: E-2241 | C13: Sumanth | D13: Sumanth | E13: Ashutosh Gaikwad | F13: sumanth@nexora.live | G13: NON MUSLIM | H13: 46164 | J13: New OJT | K13: Saif | L13: WFH - Direct | M13: Active | N13: Yes | O13: NO | S13: Hindi, Marathi and English | T13: A124203 | U13: PP | V13: PP | W13: PP | X13: WO | Y13: PP | Z13: PP | AA13: PP | AB13: PP | AC13: PP | AD13: PP | AE13: PP | AF13: WO | AG13: PP | AH13: PP | AI13: PP | AJ13: PP | AK13: PP | AL13: WO | AM13: PP | AN13: PP | AO13: PP | AP13: PP | AQ13: PP | AR13: PP | AS13: WO | AT13: PP | AU13: PP | AV13: PP | AW13: PP | AX13: PP | AZ13: =COUNTA(U13:AY13)-COUNTIF(U13:AY13,"N/A")-COUNTIF(U13:AY13,"attrite") -> 30 | BA13: =COUNTIF(U13:AY13,"PP") -> 26 | BB13: =COUNTIF(U13:AY13,"Half-Day") -> 0 | BC13: =COUNTIF(U13:AY13,"Leave") -> 0 | BD13: =COUNTIF(U13:AY13,"CL") -> 0 | BE13: =COUNTIF(U13:AY13,"HO") -> 0 | BF13: =COUNTIF(AY13:$BZT13,"Comp-off") -> 0 | BG13: =COUNTIF(U13:AY13,"EL") -> 0 | BH13: =COUNTIF(U13:AY13,"UL") -> 0 | BI13: =COUNTIF(U13:AY13,"UL P") -> 0 | BJ13: =COUNTIF(U13:AY13,"LWP") -> 0 | BK13: =COUNTIF(U13:AY13,"WO") -> 4 | BL13: =BA13+BB13*0.5+BK13+BE13+BD13+BF13+BG13 -> 30 | BM13: 15 | BN13: 4 | BO13: 12 | BP13: 3 | BQ13: =BB13*0.5+BC13+BH13 -> 0
A14: 13 | B14: E-2204 | C14: Vedant | D14: Vedant | E14: Abhishek Rai | F14: vedant@nexora.live | G14: NON MUSLIM | H14: 46104 | J14: OLD OJT | K14: Saif | L14: WFH - Direct | M14: Active | N14: NO | O14: NO | S14: Hindi and English | U14: PP | V14: PP | W14: PP | X14: PP | Y14: WO | Z14: PP | AA14: PP | AB14: PP | AC14: PP | AD14: PP | AF14: WO | AG14: PP | AH14: PP | AI14: PP | AJ14: PP | AK14: PP | AL14: WO | AM14: PP | AN14: PP | AO14: Leave | AP14: PP | AQ14: PP | AR14: PP | AS14: PP | AT14: WO | AU14: PP | AV14: PP | AW14: PP | AX14: PP | AZ14: =COUNTA(U14:AY14)-COUNTIF(U14:AY14,"N/A")-COUNTIF(U14:AY14,"attrite") -> 29 | BA14: =COUNTIF(U14:AY14,"PP") -> 24 | BB14: =COUNTIF(U14:AY14,"Half-Day") -> 0 | BC14: =COUNTIF(U14:AY14,"Leave") -> 1 | BD14: =COUNTIF(U14:AY14,"CL") -> 0 | BE14: =COUNTIF(U14:AY14,"HO") -> 0 | BF14: =COUNTIF(AY14:$BZT14,"Comp-off") -> 0 | BG14: =COUNTIF(U14:AY14,"EL") -> 0 | BH14: =COUNTIF(U14:AY14,"UL") -> 0 | BI14: =COUNTIF(U14:AY14,"UL P") -> 0 | BJ14: =COUNTIF(U14:AY14,"LWP") -> 0 | BK14: =COUNTIF(U14:AY14,"WO") -> 4 | BL14: =BA14+BB14*0.5+BK14+BE14+BD14+BF14+BG14 -> 28 | BM14: 26 | BN14: 5 | BO14: 21 | BP14: 4 | BQ14: =BB14*0.5+BC14+BH14 -> 1
A15: 14 | B15: E-2205 | C15: Mohan | D15: Mohan | E15: Mohd Zain ul Aman | F15: mohan@nexora.live | G15: MUSLIM | H15: 46104 | J15: OLD OJT | K15: Saif | L15: WFH - Direct | M15: Active | N15: NO | O15: NO | S15: Hindi and English | U15: PP | V15: PP | W15: PP | X15: WO | Y15: PP | Z15: PP | AA15: PP | AB15: PP | AC15: PP | AD15: PP | AE15: WO | AF15: PP | AG15: PP | AH15: PP | AI15: PP | AJ15: PP | AK15: PP | AL15: PP | AM15: WO | AN15: PP | AO15: PP | AP15: PP | AQ15: PP | AR15: PP | AS15: WO | AT15: PP | AU15: PP | AV15: PP | AW15: PP | AX15: PP | AZ15: =COUNTA(U15:AY15)-COUNTIF(U15:AY15,"N/A")-COUNTIF(U15:AY15,"attrite") -> 30 | BA15: =COUNTIF(U15:AY15,"PP") -> 26 | BB15: =COUNTIF(U15:AY15,"Half-Day") -> 0 | BC15: =COUNTIF(U15:AY15,"Leave") -> 0 | BD15: =COUNTIF(U15:AY15,"CL") -> 0 | BE15: =COUNTIF(U15:AY15,"HO") -> 0 | BF15: =COUNTIF(AY15:$BZT15,"Comp-off") -> 0 | BG15: =COUNTIF(U15:AY15,"EL") -> 0 | BH15: =COUNTIF(U15:AY15,"UL") -> 0 | BI15: =COUNTIF(U15:AY15,"UL P") -> 0 | BJ15: =COUNTIF(U15:AY15,"LWP") -> 0 | BK15: =COUNTIF(U15:AY15,"WO") -> 4 | BL15: =BA15+BB15*0.5+BK15+BE15+BD15+BF15+BG15 -> 30 | BM15: 26 | BN15: 5 | BO15: 21 | BP15: 4 | BQ15: =BB15*0.5+BC15+BH15 -> 0
A16: 15 | B16: E-2211 | C16: Supriya | D16: Supriya | E16: Anasua Dhar | F16: supriya@nexora.live | G16: NON MUSLIM | H16: 46104 | J16: OLD OJT | K16: Saif | L16: WFH - Direct | M16: Inactive | N16: NO | O16: NO | S16: Hindi, Bengali and English | U16: PP | V16: PP | W16: PP | X16: WO | Y16: PP | Z16: PP | AA16: PP | AB16: PP | AC16: PP | AE16: Attrite | AF16: Attrite | AG16: Attrite | AH16: Attrite | AI16: Attrite | AJ16: Attrite | AK16: Attrite | AL16: Attrite | AM16: Attrite | AN16: Attrite | AO16: Attrite | AP16: Attrite | AQ16: Attrite | AR16: Attrite | AS16: Attrite | AT16: Attrite | AU16: Attrite | AV16: Attrite | AW16: Attrite | AX16: Attrite | AY16: Attrite | AZ16: =COUNTA(U16:AY16)-COUNTIF(U16:AY16,"N/A")-COUNTIF(U16:AY16,"attrite") -> 9 | BA16: =COUNTIF(U16:AY16,"PP") -> 8 | BB16: =COUNTIF(U16:AY16,"Half-Day") -> 0 | BC16: =COUNTIF(U16:AY16,"Leave") -> 0 | BD16: =COUNTIF(U16:AY16,"CL") -> 0 | BE16: =COUNTIF(U16:AY16,"HO") -> 0 | BF16: =COUNTIF(AY16:$BZT16,"Comp-off") -> 0 | BG16: =COUNTIF(U16:AY16,"EL") -> 0 | BH16: =COUNTIF(U16:AY16,"UL") -> 0 | BI16: =COUNTIF(U16:AY16,"UL P") -> 0 | BJ16: =COUNTIF(U16:AY16,"LWP") -> 0 | BK16: =COUNTIF(U16:AY16,"WO") -> 1 | BL16: =BA16+BB16*0.5+BK16+BE16+BD16+BF16+BG16 -> 9 | BM16: 26 | BN16: 5 | BO16: 21 | BP16: 4 | BQ16: =BB16*0.5+BC16+BH16 -> 0
A17: 16 | B17: E-2216 | C17: Oreen | D17: Oreen | E17: Anjum banu | F17: oreen@nexora.live | G17: MUSLIM | H17: 46113 | J17: OLD OJT | K17: Saif | L17: WFH - Direct | M17: Active | N17: NO | O17: NO | S17: Hindi, kannad and English | U17: PP | V17: PP | W17: PP | X17: WO | Y17: PP | Z17: PP | AA17: PP | AB17: PP | AC17: PP | AD17: PP | AE17: PP | AF17: WO | AG17: PP | AH17: PP | AI17: PP | AJ17: PP | AK17: PP | AL17: WO | AM17: PP | AN17: PP | AO17: PP | AP17: PP | AQ17: PP | AR17: PP | AS17: PP | AT17: WO | AU17: PP | AV17: PP | AW17: PP | AX17: PP | AZ17: =COUNTA(U17:AY17)-COUNTIF(U17:AY17,"N/A")-COUNTIF(U17:AY17,"attrite") -> 30 | BA17: =COUNTIF(U17:AY17,"PP") -> 26 | BB17: =COUNTIF(U17:AY17,"Half-Day") -> 0 | BC17: =COUNTIF(U17:AY17,"Leave") -> 0 | BD17: =COUNTIF(U17:AY17,"CL") -> 0 | BE17: =COUNTIF(U17:AY17,"HO") -> 0 | BF17: =COUNTIF(AY17:$BZT17,"Comp-off") -> 0 | BG17: =COUNTIF(U17:AY17,"EL") -> 0 | BH17: =COUNTIF(U17:AY17,"UL") -> 0 | BI17: =COUNTIF(U17:AY17,"UL P") -> 0 | BJ17: =COUNTIF(U17:AY17,"LWP") -> 0 | BK17: =COUNTIF(U17:AY17,"WO") -> 4 | BL17: =BA17+BB17*0.5+BK17+BE17+BD17+BF17+BG17 -> 30 | BM17: 26 | BN17: 5 | BO17: 21 | BP17: 4 | BQ17: =BB17*0.5+BC17+BH17 -> 0
A18: 18 | B18: E-1875 | C18: 592INASLAM0825 | D18: Aslam | E18: Ashif Khan | F18: aslam.k@nexora.live | G18: MUSLIM | H18: 45880 | J18: Dialer | K18: Roshni | L18: WFH - Direct | M18: Active | N18: Yes | O18: NO | S18: Hindi and English | T18: A18922 | U18: PP | V18: PP | W18: PP | X18: PP | Y18: WO | Z18: PP | AA18: PP | AB18: PP | AC18: PP | AD18: PP | AE18: WO | AF18: PP | AG18: PP | AH18: PP | AI18: PP | AJ18: PP | AK18: PP | AL18: PP | AM18: WO | AN18: PP | AO18: Absent | AP18: PP | AQ18: PP | AR18: PP | AS18: WO | AT18: PP | AU18: Half-Day | AV18: Absent | AW18: Absent | AX18: PP | AY18: PP | AZ18: =COUNTA(U18:AY18)-COUNTIF(U18:AY18,"N/A")-COUNTIF(U18:AY18,"attrite") -> 31 | BA18: =COUNTIF(U18:AY18,"PP") -> 23 | BB18: =COUNTIF(U18:AY18,"Half-Day") -> 1 | BC18: =COUNTIF(U18:AY18,"Leave") -> 0 | BD18: =COUNTIF(U18:AY18,"CL") -> 0 | BE18: =COUNTIF(U18:AY18,"HO") -> 0 | BF18: =COUNTIF(AY18:$BZT18,"Comp-off") -> 0 | BG18: =COUNTIF(U18:AY18,"EL") -> 0 | BH18: =COUNTIF(U18:AY18,"UL") -> 0 | BI18: =COUNTIF(U18:AY18,"UL P") -> 0 | BJ18: =COUNTIF(U18:AY18,"LWP") -> 0 | BK18: =COUNTIF(U18:AY18,"WO") -> 4 | BL18: =BA18+BB18*0.5+BK18+BE18+BD18+BF18+BG18 -> 27.5 | BM18: 28 | BN18: 6 | BO18: =INT(BM18*0.8) -> 22 | BP18: 5 | BQ18: =BB18*0.5+BC18+BH18 -> 0.5
A19: 19 | B19: E-1900 | C19: 597INSURESH0925 | D19: Suresh | E19: Sumit Patel | F19: suresh@nexora.live | G19: NON MUSLIM | H19: 45908 | J19: Dialer | K19: Roshni | L19: WFH - Direct | M19: Active | N19: Yes | O19: NO | S19: English and Hindi | T19: S19292 | U19: PP | V19: PP | W19: PP | X19: WO | Y19: PP | Z19: PP | AA19: PP | AB19: PP | AC19: PP | AD19: PP | AE19: PP | AF19: WO | AG19: PP | AH19: PP | AI19: PP | AJ19: PP | AK19: Leave | AL19: WO | AM19: PP | AN19: PP | AO19: PP | AP19: PP | AQ19: PP | AR19: PP | AS19: PP | AT19: WO | AU19: PP | AV19: PP | AW19: PP | AX19: PP | AY19: PP | AZ19: =COUNTA(U19:AY19)-COUNTIF(U19:AY19,"N/A")-COUNTIF(U19:AY19,"attrite") -> 31 | BA19: =COUNTIF(U19:AY19,"PP") -> 26 | BB19: =COUNTIF(U19:AY19,"Half-Day") -> 0 | BC19: =COUNTIF(U19:AY19,"Leave") -> 1 | BD19: =COUNTIF(U19:AY19,"CL") -> 0 | BE19: =COUNTIF(U19:AY19,"HO") -> 0 | BF19: =COUNTIF(AY19:$BZT19,"Comp-off") -> 0 | BG19: =COUNTIF(U19:AY19,"EL") -> 0 | BH19: =COUNTIF(U19:AY19,"UL") -> 0 | BI19: =COUNTIF(U19:AY19,"UL P") -> 0 | BJ19: =COUNTIF(U19:AY19,"LWP") -> 0 | BK19: =COUNTIF(U19:AY19,"WO") -> 4 | BL19: =BA19+BB19*0.5+BK19+BE19+BD19+BF19+BG19 -> 30 | BM19: 28 | BN19: 6 | BO19: =INT(BM19*0.8) -> 22 | BP19: 5 | BQ19: =BB19*0.5+BC19+BH19 -> 1
A20: 20 | B20: E-1911 | C20: 599INAAMIR0925 | D20: Aamir | E20: Ali | F20: aamir@nexora.live | G20: MUSLIM | H20: 45908 | J20: Dialer | K20: Roshni | L20: WFH - Direct | M20: Active | N20: Yes | O20: NO | S20: English and Hindi | T20: A19294 | U20: Leave | V20: LWP | W20: PP | X20: PP | Y20: WO | Z20: LWP | AA20: PP | AB20: PP | AC20: PP | AD20: PP | AE20: PP | AF20: WO | AG20: PP | AH20: PP | AI20: PP | AJ20: PP | AK20: PP | AL20: WO | AM20: PP | AN20: PP | AO20: PP | AP20: PP | AQ20: PP | AR20: PP | AS20: PP | AT20: WO | AU20: PP | AV20: PP | AW20: PP | AX20: PP | AY20: PP | AZ20: =COUNTA(U20:AY20)-COUNTIF(U20:AY20,"N/A")-COUNTIF(U20:AY20,"attrite") -> 31 | BA20: =COUNTIF(U20:AY20,"PP") -> 24 | BB20: =COUNTIF(U20:AY20,"Half-Day") -> 0 | BC20: =COUNTIF(U20:AY20,"Leave") -> 1 | BD20: =COUNTIF(U20:AY20,"CL") -> 0 | BE20: =COUNTIF(U20:AY20,"HO") -> 0 | BF20: =COUNTIF(AY20:$BZT20,"Comp-off") -> 0 | BG20: =COUNTIF(U20:AY20,"EL") -> 0 | BH20: =COUNTIF(U20:AY20,"UL") -> 0 | BI20: =COUNTIF(U20:AY20,"UL P") -> 0 | BJ20: =COUNTIF(U20:AY20,"LWP") -> 2 | BK20: =COUNTIF(U20:AY20,"WO") -> 4 | BL20: =BA20+BB20*0.5+BK20+BE20+BD20+BF20+BG20 -> 28 | BM20: 28 | BN20: 6 | BO20: =INT(BM20*0.8) -> 22 | BP20: 5 | BQ20: =BB20*0.5+BC20+BH20 -> 1
A21: 21 | B21: E-1910 | C21: 612INSANDEEP0925 | D21: Sandeep | E21: Shivam Rajput | F21: sandeep@nexora.live | G21: NON MUSLIM | H21: 45908 | J21: Dialer | K21: Roshni | L21: WFH - Direct | M21: Active | N21: Yes | O21: NO | S21: English and Hindi | T21: S25714 | U21: PP | V21: PP | W21: PP | X21: WO | Y21: PP | Z21: PP | AA21: PP | AB21: PP | AC21: PP | AD21: PP | AE21: CL | AF21: WO | AG21: PP | AH21: Leave | AI21: PP | AJ21: PP | AK21: PP | AL21: PP | AM21: WO | AN21: PP | AO21: PP | AP21: PP | AQ21: PP | AR21: PP | AS21: Leave | AT21: WO | AU21: PP | AV21: PP | AW21: PP | AX21: Leave | AY21: PP | AZ21: =COUNTA(U21:AY21)-COUNTIF(U21:AY21,"N/A")-COUNTIF(U21:AY21,"attrite") -> 31 | BA21: =COUNTIF(U21:AY21,"PP") -> 23 | BB21: =COUNTIF(U21:AY21,"Half-Day") -> 0 | BC21: =COUNTIF(U21:AY21,"Leave") -> 3 | BD21: =COUNTIF(U21:AY21,"CL") -> 1 | BE21: =COUNTIF(U21:AY21,"HO") -> 0 | BF21: =COUNTIF(AY21:$BZT21,"Comp-off") -> 0 | BG21: =COUNTIF(U21:AY21,"EL") -> 0 | BH21: =COUNTIF(U21:AY21,"UL") -> 0 | BI21: =COUNTIF(U21:AY21,"UL P") -> 0 | BJ21: =COUNTIF(U21:AY21,"LWP") -> 0 | BK21: =COUNTIF(U21:AY21,"WO") -> 4 | BL21: =BA21+BB21*0.5+BK21+BE21+BD21+BF21+BG21 -> 28 | BM21: 28 | BN21: 6 | BO21: =INT(BM21*0.8) -> 22 | BP21: 5 | BQ21: =BB21*0.5+BC21+BH21 -> 3
A22: 22 | B22: E-1284 | C22: 272INSANGITAM0924 | D22: Sangita | E22: Sangita Mhanta | F22: sangita.m@nexora.live | G22: NON MUSLIM | H22: 45563 | J22: Dialer | K22: Roshni | L22: WFH - Adya IT | M22: Active | N22: Yes | O22: NO | S22: Telgu, Marathi, Hindi and English | T22: S18866 | U22: PP | V22: PP | W22: PP | X22: WO | Y22: PP | Z22: PP | AA22: PP | AB22: PP | AC22: PP | AD22: PP | AE22: WO | AF22: Absent | AG22: PP | AH22: PP | AI22: PP | AJ22: PP | AK22: PP | AL22: WO | AM22: PP | AN22: PP | AO22: PP | AP22: PP | AQ22: PP | AR22: PP | AS22: Absent | AT22: WO | AU22: Absent | AV22: Absent | AW22: UL/Leave | AX22: UL/Leave | AY22: UL/Leave | AZ22: =COUNTA(U22:AY22)-COUNTIF(U22:AY22,"N/A")-COUNTIF(U22:AY22,"attrite") -> 31 | BA22: =COUNTIF(U22:AY22,"PP") -> 20 | BB22: =COUNTIF(U22:AY22,"Half-Day") -> 0 | BC22: =COUNTIF(U22:AY22,"Leave") -> 0 | BD22: =COUNTIF(U22:AY22,"CL") -> 0 | BE22: =COUNTIF(U22:AY22,"HO") -> 0 | BF22: =COUNTIF(AY22:$BZT22,"Comp-off") -> 0 | BG22: =COUNTIF(U22:AY22,"EL") -> 0 | BH22: =COUNTIF(U22:AY22,"UL") -> 0 | BI22: =COUNTIF(U22:AY22,"UL P") -> 0 | BJ22: =COUNTIF(U22:AY22,"LWP") -> 0 | BK22: =COUNTIF(U22:AY22,"WO") -> 4 | BL22: =BA22+BB22*0.5+BK22+BE22+BD22+BF22+BG22 -> 24 | BM22: 28 | BN22: 6 | BO22: =INT(BM22*0.8) -> 22 | BP22: 5 | BQ22: =BB22*0.5+BC22+BH22 -> 0
A23: 23 | B23: E-2121 | C23: Shiv | D23: Shiv | E23: Shivashish | F23: shiv@nexora.live | G23: NON MUSLIM | H23: 46064 | J23: OJT 1 | K23: Roshni | L23: WFH - Direct | M23: Active | N23: NO | O23: NO | R23: 1581282960 | S23: Hindi and English | T23: S79865 | U23: PP | V23: PP | W23: PP | X23: PP | Y23: WO | Z23: PP | AA23: PP | AB23: PP | AC23: PP | AD23: PP | AE23: WO | AF23: Absent | AG23: PP | AH23: PP | AI23: PP | AJ23: PP | AK23: Leave | AL23: WO | AM23: Leave | AN23: PP | AO23: PP | AP23: PP | AQ23: PP | AR23: PP | AS23: WO | AT23: PP | AU23: PP | AV23: PP | AW23: PP | AX23: PP | AY23: PP | AZ23: =COUNTA(U23:AY23)-COUNTIF(U23:AY23,"N/A")-COUNTIF(U23:AY23,"attrite") -> 31 | BA23: =COUNTIF(U23:AY23,"PP") -> 24 | BB23: =COUNTIF(U23:AY23,"Half-Day") -> 0 | BC23: =COUNTIF(U23:AY23,"Leave") -> 2 | BD23: =COUNTIF(U23:AY23,"CL") -> 0 | BE23: =COUNTIF(U23:AY23,"HO") -> 0 | BF23: =COUNTIF(AY23:$BZT23,"Comp-off") -> 0 | BG23: =COUNTIF(U23:AY23,"EL") -> 0 | BH23: =COUNTIF(U23:AY23,"UL") -> 0 | BI23: =COUNTIF(U23:AY23,"UL P") -> 0 | BJ23: =COUNTIF(U23:AY23,"LWP") -> 0 | BK23: =COUNTIF(U23:AY23,"WO") -> 4 | BL23: =BA23+BB23*0.5+BK23+BE23+BD23+BF23+BG23 -> 28 | BM23: 26 | BN23: 5 | BO23: 21 | BP23: 3 | BQ23: =BB23*0.5+BC23+BH23 -> 2
A24: 24 | B24: E-2125 | C24: Vaibhav | D24: Vaibhav | E24: Jignesh Gohil | F24: vaibhav@nexora.live | G24: NON MUSLIM | H24: 46064 | J24: OJT 1 | K24: Roshni | L24: WFH - Direct | M24: Active | N24: Yes | O24: NO | S24: Hindi, Gujrati and English | U24: PP | V24: PP | W24: PP | X24: WO | Y24: PP | Z24: PP | AA24: PP | AB24: PP | AC24: PP | AD24: LWP | AE24: WO | AF24: PP | AG24: PP | AH24: PP | AI24: PP | AJ24: PP | AK24: PP | AL24: PP | AM24: WO | AN24: PP | AO24: PP | AP24: PP | AQ24: PP | AR24: PP | AS24: WO | AT24: PP | AU24: PP | AV24: PP | AW24: PP | AX24: PP | AY24: PP | AZ24: =COUNTA(U24:AY24)-COUNTIF(U24:AY24,"N/A")-COUNTIF(U24:AY24,"attrite") -> 31 | BA24: =COUNTIF(U24:AY24,"PP") -> 26 | BB24: =COUNTIF(U24:AY24,"Half-Day") -> 0 | BC24: =COUNTIF(U24:AY24,"Leave") -> 0 | BD24: =COUNTIF(U24:AY24,"CL") -> 0 | BE24: =COUNTIF(U24:AY24,"HO") -> 0 | BF24: =COUNTIF(AY24:$BZT24,"Comp-off") -> 0 | BG24: =COUNTIF(U24:AY24,"EL") -> 0 | BH24: =COUNTIF(U24:AY24,"UL") -> 0 | BI24: =COUNTIF(U24:AY24,"UL P") -> 0 | BJ24: =COUNTIF(U24:AY24,"LWP") -> 1 | BK24: =COUNTIF(U24:AY24,"WO") -> 4 | BL24: =BA24+BB24*0.5+BK24+BE24+BD24+BF24+BG24 -> 30 | BM24: 26 | BN24: 5 | BO24: 21 | BP24: 3 | BQ24: =BB24*0.5+BC24+BH24 -> 0
A25: 25 | B25: E-2130 | C25: Sana | D25: Sana | E25: Ansari Farha | F25: sana@nexora.live | G25: MUSLIM | H25: 46064 | J25: OJT 1 | K25: Roshni | L25: WFH - Direct | M25: Active | N25: NO | O25: NO | S25: Hindi, Urdu and English | U25: PP | V25: PP | W25: PP | X25: PP | Y25: WO | Z25: PP | AA25: PP | AB25: PP | AC25: PP | AD25: PP | AE25: PP | AF25: WO | AG25: PP | AH25: PP | AI25: PP | AJ25: PP | AK25: PP | AL25: PP | AM25: WO | AN25: PP | AO25: PP | AP25: PP | AQ25: PP | AR25: PP | AS25: PP | AT25: WO | AU25: PP | AV25: PP | AW25: PP | AX25: PP | AY25: PP | AZ25: =COUNTA(U25:AY25)-COUNTIF(U25:AY25,"N/A")-COUNTIF(U25:AY25,"attrite") -> 31 | BA25: =COUNTIF(U25:AY25,"PP") -> 27 | BB25: =COUNTIF(U25:AY25,"Half-Day") -> 0 | BC25: =COUNTIF(U25:AY25,"Leave") -> 0 | BD25: =COUNTIF(U25:AY25,"CL") -> 0 | BE25: =COUNTIF(U25:AY25,"HO") -> 0 | BF25: =COUNTIF(AY25:$BZT25,"Comp-off") -> 0 | BG25: =COUNTIF(U25:AY25,"EL") -> 0 | BH25: =COUNTIF(U25:AY25,"UL") -> 0 | BI25: =COUNTIF(U25:AY25,"UL P") -> 0 | BJ25: =COUNTIF(U25:AY25,"LWP") -> 0 | BK25: =COUNTIF(U25:AY25,"WO") -> 4 | BL25: =BA25+BB25*0.5+BK25+BE25+BD25+BF25+BG25 -> 31 | BM25: 26 | BN25: 5 | BO25: 21 | BP25: 3 | BQ25: =BB25*0.5+BC25+BH25 -> 0
A26: 26 | B26: E-2137 | C26: Siddhesh | D26: Siddhesh | E26: Sarthak Verma | F26: siddhesh@nexora.live | G26: NON MUSLIM | H26: 46064 | J26: OJT 1 | K26: Roshni | L26: WFH - Direct | M26: Active | N26: NO | O26: NO | S26: Hindi and English | U26: PP | V26: PP | W26: PP | X26: PP | Y26: PP | Z26: PP | AA26: PP | AB26: LWP | AC26: PP | AD26: PP | AE26: PP | AF26: WO | AG26: PP | AH26: PP | AI26: PP | AJ26: PP | AK26: PP | AL26: PP | AM26: WO | AN26: PP | AO26: PP | AP26: PP | AQ26: PP | AR26: PP | AS26: PP | AT26: WO | AU26: PP | AV26: PP | AW26: PP | AX26: PP | AY26: PP | AZ26: =COUNTA(U26:AY26)-COUNTIF(U26:AY26,"N/A")-COUNTIF(U26:AY26,"attrite") -> 31 | BA26: =COUNTIF(U26:AY26,"PP") -> 27 | BB26: =COUNTIF(U26:AY26,"Half-Day") -> 0 | BC26: =COUNTIF(U26:AY26,"Leave") -> 0 | BD26: =COUNTIF(U26:AY26,"CL") -> 0 | BE26: =COUNTIF(U26:AY26,"HO") -> 0 | BF26: =COUNTIF(AY26:$BZT26,"Comp-off") -> 0 | BG26: =COUNTIF(U26:AY26,"EL") -> 0 | BH26: =COUNTIF(U26:AY26,"UL") -> 0 | BI26: =COUNTIF(U26:AY26,"UL P") -> 0 | BJ26: =COUNTIF(U26:AY26,"LWP") -> 1 | BK26: =COUNTIF(U26:AY26,"WO") -> 3 | BL26: =BA26+BB26*0.5+BK26+BE26+BD26+BF26+BG26 -> 29 | BM26: 26 | BN26: 5 | BO26: 21 | BP26: 3 | BQ26: =BB26*0.5+BC26+BH26 -> 0
A27: 27 | B27: E-2132 | C27: Kanika | D27: Kanika | E27: Kratika Verma | F27: kanika@nexora.live | G27: NON MUSLIM | H27: 46064 | J27: OJT 1 | K27: Roshni | L27: WFH - Direct | M27: Active | N27: NO | O27: NO | S27: Hindi and English | U27: PP | V27: PP | W27: PP | X27: WO | Y27: PP | Z27: PP | AA27: PP | AB27: PP | AC27: PP | AD27: PP | AE27: WO | AF27: PP | AG27: PP | AH27: PP | AI27: PP | AJ27: PP | AK27: PP | AL27: WO | AM27: PP | AN27: Absent | AO27: Absent | AP27: PP | AQ27: PP | AR27: PP | AS27: WO | AT27: PP | AU27: PP | AV27: PP | AW27: PP | AX27: PP | AY27: PP | AZ27: =COUNTA(U27:AY27)-COUNTIF(U27:AY27,"N/A")-COUNTIF(U27:AY27,"attrite") -> 31 | BA27: =COUNTIF(U27:AY27,"PP") -> 25 | BB27: =COUNTIF(U27:AY27,"Half-Day") -> 0 | BC27: =COUNTIF(U27:AY27,"Leave") -> 0 | BD27: =COUNTIF(U27:AY27,"CL") -> 0 | BE27: =COUNTIF(U27:AY27,"HO") -> 0 | BF27: =COUNTIF(AY27:$BZT27,"Comp-off") -> 0 | BG27: =COUNTIF(U27:AY27,"EL") -> 0 | BH27: =COUNTIF(U27:AY27,"UL") -> 0 | BI27: =COUNTIF(U27:AY27,"UL P") -> 0 | BJ27: =COUNTIF(U27:AY27,"LWP") -> 0 | BK27: =COUNTIF(U27:AY27,"WO") -> 4 | BL27: =BA27+BB27*0.5+BK27+BE27+BD27+BF27+BG27 -> 29 | BM27: 26 | BN27: 5 | BO27: 21 | BP27: 3 | BQ27: =BB27*0.5+BC27+BH27 -> 0
A28: 28 | B28: E-2206 | C28: Renu | D28: Renu | E28: Mansi Chandwani | F28: renu@nexora.live | G28: NON MUSLIM | H28: 46104 | J28: OJT 2 | K28: Roshni | L28: WFH - Direct | M28: Active | N28: NO | O28: NO | S28: Hindi,punjabi,Sindhi and English | U28: PP | V28: PP | W28: PP | X28: PP | Y28: WO | Z28: PP | AA28: PP | AB28: PP | AC28: PP | AD28: PP | AE28: WO | AF28: PP | AG28: PP | AH28: PP | AI28: PP | AJ28: Absent | AK28: PP | AL28: PP | AM28: WO | AN28: PP | AO28: PP | AP28: PP | AQ28: PP | AR28: PP | AS28: PP | AT28: WO | AU28: Absent | AV28: Absent | AW28: Absent | AX28: Absent | AY28: Absent | AZ28: =COUNTA(U28:AY28)-COUNTIF(U28:AY28,"N/A")-COUNTIF(U28:AY28,"attrite") -> 31 | BA28: =COUNTIF(U28:AY28,"PP") -> 21 | BB28: =COUNTIF(U28:AY28,"Half-Day") -> 0 | BC28: =COUNTIF(U28:AY28,"Leave") -> 0 | BD28: =COUNTIF(U28:AY28,"CL") -> 0 | BE28: =COUNTIF(U28:AY28,"HO") -> 0 | BF28: =COUNTIF(AY28:$BZT28,"Comp-off") -> 0 | BG28: =COUNTIF(U28:AY28,"EL") -> 0 | BH28: =COUNTIF(U28:AY28,"UL") -> 0 | BI28: =COUNTIF(U28:AY28,"UL P") -> 0 | BJ28: =COUNTIF(U28:AY28,"LWP") -> 0 | BK28: =COUNTIF(U28:AY28,"WO") -> 4 | BL28: =BA28+BB28*0.5+BK28+BE28+BD28+BF28+BG28 -> 25 | BM28: 26 | BN28: 5 | BO28: 21 | BP28: 3 | BQ28: =BB28*0.5+BC28+BH28 -> 0
A29: 29 | B29: E-2207 | C29: Ramya | D29: Ramya | E29: Pooja Behare | F29: ramya@nexora.live | G29: NON MUSLIM | H29: 46104 | J29: OJT 2 | K29: Roshni | L29: WFH - Direct | M29: Active | N29: NO | O29: NO | S29: Hindi and English | U29: Half-Day | V29: PP | W29: PP | X29: PP | Y29: WO | Z29: PP | AA29: PP | AB29: PP | AC29: PP | AD29: PP | AE29: PP | AF29: WO | AG29: PP | AH29: PP | AI29: PP | AJ29: PP | AK29: PP | AL29: WO | AM29: PP | AN29: Absent | AO29: PP | AP29: PP | AQ29: PP | AR29: PP | AS29: PP | AT29: WO | AU29: PP | AV29: PP | AW29: PP | AX29: PP | AY29: PP | AZ29: =COUNTA(U29:AY29)-COUNTIF(U29:AY29,"N/A")-COUNTIF(U29:AY29,"attrite") -> 31 | BA29: =COUNTIF(U29:AY29,"PP") -> 25 | BB29: =COUNTIF(U29:AY29,"Half-Day") -> 1 | BC29: =COUNTIF(U29:AY29,"Leave") -> 0 | BD29: =COUNTIF(U29:AY29,"CL") -> 0 | BE29: =COUNTIF(U29:AY29,"HO") -> 0 | BF29: =COUNTIF(AY29:$BZT29,"Comp-off") -> 0 | BG29: =COUNTIF(U29:AY29,"EL") -> 0 | BH29: =COUNTIF(U29:AY29,"UL") -> 0 | BI29: =COUNTIF(U29:AY29,"UL P") -> 0 | BJ29: =COUNTIF(U29:AY29,"LWP") -> 0 | BK29: =COUNTIF(U29:AY29,"WO") -> 4 | BL29: =BA29+BB29*0.5+BK29+BE29+BD29+BF29+BG29 -> 29.5 | BM29: 26 | BN29: 5 | BO29: 21 | BP29: 3 | BQ29: =BB29*0.5+BC29+BH29 -> 0.5
A30: 30 | B30: E-2208 | C30: Ishika | D30: Ishika | E30: Maleikha begum | F30: ishika@nexora.live | G30: MUSLIM | H30: 46104 | J30: OJT 2 | K30: Roshni | L30: WFH - Direct | M30: Active | N30: NO | O30: NO | S30: Hindi ,Urdu, Telugu and English | U30: PP | V30: PP | W30: PP | X30: WO | Y30: PP | Z30: PP | AA30: PP | AB30: PP | AC30: LWP | AD30: PP | AE30: PP | AF30: WO | AG30: PP | AH30: PP | AI30: PP | AJ30: PP | AK30: PP | AL30: PP | AM30: WO | AN30: PP | AO30: PP | AP30: PP | AQ30: PP | AR30: PP | AS30: WO | AT30: PP | AU30: PP | AV30: PP | AW30: PP | AX30: PP | AY30: PP | AZ30: =COUNTA(U30:AY30)-COUNTIF(U30:AY30,"N/A")-COUNTIF(U30:AY30,"attrite") -> 31 | BA30: =COUNTIF(U30:AY30,"PP") -> 26 | BB30: =COUNTIF(U30:AY30,"Half-Day") -> 0 | BC30: =COUNTIF(U30:AY30,"Leave") -> 0 | BD30: =COUNTIF(U30:AY30,"CL") -> 0 | BE30: =COUNTIF(U30:AY30,"HO") -> 0 | BF30: =COUNTIF(AY30:$BZT30,"Comp-off") -> 0 | BG30: =COUNTIF(U30:AY30,"EL") -> 0 | BH30: =COUNTIF(U30:AY30,"UL") -> 0 | BI30: =COUNTIF(U30:AY30,"UL P") -> 0 | BJ30: =COUNTIF(U30:AY30,"LWP") -> 1 | BK30: =COUNTIF(U30:AY30,"WO") -> 4 | BL30: =BA30+BB30*0.5+BK30+BE30+BD30+BF30+BG30 -> 30 | BM30: 26 | BN30: 5 | BO30: 21 | BP30: 3 | BQ30: =BB30*0.5+BC30+BH30 -> 0
A31: 30 | B31: E-2297 | C31: Vamshi | D31: Vamshi | E31: Shivam Patel | F31: vamshi@nexora.live | G31: NON MUSLIM | H31: 46203 | J31: OJT4 | K31: Roshni | L31: WFH - Direct | M31: Active | N31: NO | O31: Yes | S31: English and Hindi | T31: S139552 | U31: PP | V31: PP | W31: PP | X31: PP | Y31: WO | Z31: PP | AA31: PP | AB31: PP | AC31: PP | AD31: PP | AE31: PP | AF31: WO | AG31: PP | AH31: PP | AI31: PP | AJ31: PP | AK31: PP | AL31: Absent | AM31: WO | AN31: Absent | AO31: PP | AP31: PP | AQ31: PP | AR31: PP | AS31: WO | AT31: PP | AU31: PP | AV31: PP | AW31: PP | AX31: PP | AY31: PP | AZ31: =COUNTA(U31:AY31)-COUNTIF(U31:AY31,"N/A")-COUNTIF(U31:AY31,"attrite") -> 31 | BA31: =COUNTIF(U31:AY31,"PP") -> 25 | BB31: =COUNTIF(U31:AY31,"Half-Day") -> 0 | BC31: =COUNTIF(U31:AY31,"Leave") -> 0 | BD31: =COUNTIF(U31:AY31,"CL") -> 0 | BE31: =COUNTIF(U31:AY31,"HO") -> 0 | BF31: =COUNTIF(AY31:$BZT31,"Comp-off") -> 0 | BG31: =COUNTIF(U31:AY31,"EL") -> 0 | BH31: =COUNTIF(U31:AY31,"UL") -> 0 | BI31: =COUNTIF(U31:AY31,"UL P") -> 0 | BJ31: =COUNTIF(U31:AY31,"LWP") -> 0 | BK31: =COUNTIF(U31:AY31,"WO") -> 4 | BL31: =BA31+BB31*0.5+BK31+BE31+BD31+BF31+BG31 -> 29 | BM31: 26 | BN31: 5 | BO31: 21 | BP31: 3 | BQ31: =BB31*0.5+BC31+BH31 -> 0
A32: 30 | B32: E-2298 | C32: Manpreet | D32: Manpreet | E32: Gurpreet Singh | F32: manpreet@nexora.live | G32: NON MUSLIM | H32: 46203 | J32: OJT4 | K32: Roshni | L32: WFH - Direct | M32: Active | N32: NO | O32: Yes | S32: English, Hindi, and Punjabi | T32: G139553 | U32: PP | V32: PP | W32: PP | X32: Half-Day | Y32: WO | Z32: LWP | AA32: LWP | AB32: PP | AC32: PP | AD32: PP | AE32: PP | AF32: WO | AG32: PP | AH32: PP | AI32: PP | AJ32: PP | AK32: PP | AL32: WO | AM32: PP | AN32: Absent | AO32: Absent | AP32: PP | AQ32: PP | AR32: PP | AS32: PP | AT32: WO | AU32: Absent | AV32: PP | AW32: PP | AX32: PP | AY32: PP | AZ32: =COUNTA(U32:AY32)-COUNTIF(U32:AY32,"N/A")-COUNTIF(U32:AY32,"attrite") -> 31 | BA32: =COUNTIF(U32:AY32,"PP") -> 21 | BB32: =COUNTIF(U32:AY32,"Half-Day") -> 1 | BC32: =COUNTIF(U32:AY32,"Leave") -> 0 | BD32: =COUNTIF(U32:AY32,"CL") -> 0 | BE32: =COUNTIF(U32:AY32,"HO") -> 0 | BF32: =COUNTIF(AY32:$BZT32,"Comp-off") -> 0 | BG32: =COUNTIF(U32:AY32,"EL") -> 0 | BH32: =COUNTIF(U32:AY32,"UL") -> 0 | BI32: =COUNTIF(U32:AY32,"UL P") -> 0 | BJ32: =COUNTIF(U32:AY32,"LWP") -> 2 | BK32: =COUNTIF(U32:AY32,"WO") -> 4 | BL32: =BA32+BB32*0.5+BK32+BE32+BD32+BF32+BG32 -> 25.5 | BM32: 26 | BN32: 5 | BO32: 21 | BP32: 3 | BQ32: =BB32*0.5+BC32+BH32 -> 0.5
A33: 30 | B33: E-2296 | C33: Disha | D33: Disha | E33: Alekhya R | F33: disha@nexora.live | G33: NON MUSLIM | H33: 46205 | J33: OJT4 | K33: Roshni | L33: WFH - Direct | M33: Active | N33: NO | O33: Yes | S33: Telugu, Hindi, and English | T33: A139550 | U33: - | V33: PP | W33: PP | X33: PP | Y33: WO | Z33: PP | AA33: PP | AB33: PP | AC33: PP | AD33: PP | AE33: LWP | AF33: WO | AG33: PP | AH33: PP | AI33: PP | AJ33: PP | AK33: PP | AL33: PP | AM33: WO | AN33: PP | AO33: PP | AP33: PP | AQ33: PP | AR33: PP | AS33: PP | AT33: WO | AU33: PP | AV33: PP | AW33: PP | AX33: PP | AY33: PP | AZ33: =COUNTA(U33:AY33)-COUNTIF(U33:AY33,"N/A")-COUNTIF(U33:AY33,"attrite") -> 31 | BA33: =COUNTIF(U33:AY33,"PP") -> 25 | BB33: =COUNTIF(U33:AY33,"Half-Day") -> 0 | BC33: =COUNTIF(U33:AY33,"Leave") -> 0 | BD33: =COUNTIF(U33:AY33,"CL") -> 0 | BE33: =COUNTIF(U33:AY33,"HO") -> 0 | BF33: =COUNTIF(AY33:$BZT33,"Comp-off") -> 0 | BG33: =COUNTIF(U33:AY33,"EL") -> 0 | BH33: =COUNTIF(U33:AY33,"UL") -> 0 | BI33: =COUNTIF(U33:AY33,"UL P") -> 0 | BJ33: =COUNTIF(U33:AY33,"LWP") -> 1 | BK33: =COUNTIF(U33:AY33,"WO") -> 4 | BL33: =BA33+BB33*0.5+BK33+BE33+BD33+BF33+BG33 -> 29 | BM33: 26 | BN33: 5 | BO33: 21 | BP33: 3 | BQ33: =BB33*0.5+BC33+BH33 -> 0
A34: 30 | B34: E-1266 | C34: 223INABHIK0824 | D34: Abhishek Kumar | E34: Abhishek Kumar | F34: abhishek.k@nexora.live | G34: NON MUSLIM | H34: 45509 | J34: Meta | K34: Rehan | L34: WFH - Adya IT | M34: Active | N34: yes | O34: No | Q34: No | R34: No | S34: Hindi | T34: A19308 | U34: PP | V34: PP | W34: PP | X34: WO | Y34: PP | Z34: PP | AA34: PP | AB34: PP | AC34: PP | AD34: PP | AG34: PP | AH34: PP | AI34: PP | AJ34: PP | AK34: PP | AL34: WO | AM34: PP | AN34: Absent | AP34: PP | AQ34: PP | AR34: PP | AU34: PP | AV34: PP | AW34: PP | AX34: PP | AY34: PP | AZ34: =COUNTA(U34:AY34)-COUNTIF(U34:AY34,"N/A")-COUNTIF(U34:AY34,"attrite") -> 26 | BA34: =COUNTIF(U34:AY34,"PP") -> 23 | BB34: =COUNTIF(U34:AY34,"Half-Day") -> 0 | BC34: =COUNTIF(U34:AY34,"Leave") -> 0 | BD34: =COUNTIF(U34:AY34,"CL") -> 0 | BE34: =COUNTIF(U34:AY34,"HO") -> 0 | BF34: =COUNTIF(AY34:$BZT34,"Comp-off") -> 0 | BG34: =COUNTIF(U34:AY34,"EL") -> 0 | BH34: =COUNTIF(U34:AY34,"UL") -> 0 | BI34: =COUNTIF(U34:AY34,"UL P") -> 0 | BJ34: =COUNTIF(U34:AY34,"LWP") -> 0 | BK34: =COUNTIF(U34:AY34,"WO") -> 2 | BL34: =BA34+BB34*0.5+BK34+BE34+BD34+BF34+BG34 -> 25 | BM34: 45 | BN34: 15 | BO34: =INT(BM34*0.8) -> 36 | BP34: =INT(BN34*0.8) -> 12 | BQ34: =BB34*0.5+BC34+BH34 -> 0
A35: 30 | B35: E-1443 | C35: 397DXBDEEPA0225 | D35: Deepa | E35: Suja Basnet | F35: deepa.negi@nexora.live | G35: NON MUSLIM | H35: 45693 | J35: Meta | K35: Rehan | L35: DXB | M35: Active | N35: Yes | O35: No | Q35: No | R35: No | S35: Nepali, Hindi | T35: D19386 | U35: PP | V35: PP | W35: PP | X35: WO | Y35: PP | Z35: PP | AA35: PP | AB35: PP | AC35: PP | AD35: Half-Day | AE35: PP | AG35: PP | AH35: PP | AI35: PP | AJ35: PP | AK35: PP | AL35: WO | AM35: Half-Day | AN35: PP | AO35: PP | AP35: PP | AQ35: PP | AR35: PP | AU35: PP | AV35: PP | AW35: PP | AX35: PP | AY35: PP | AZ35: =COUNTA(U35:AY35)-COUNTIF(U35:AY35,"N/A")-COUNTIF(U35:AY35,"attrite") -> 28 | BA35: =COUNTIF(U35:AY35,"PP") -> 24 | BB35: =COUNTIF(U35:AY35,"Half-Day") -> 2 | BC35: =COUNTIF(U35:AY35,"Leave") -> 0 | BD35: =COUNTIF(U35:AY35,"CL") -> 0 | BE35: =COUNTIF(U35:AY35,"HO") -> 0 | BF35: =COUNTIF(AY35:$BZT35,"Comp-off") -> 0 | BG35: =COUNTIF(U35:AY35,"EL") -> 0 | BH35: =COUNTIF(U35:AY35,"UL") -> 0 | BI35: =COUNTIF(U35:AY35,"UL P") -> 0 | BJ35: =COUNTIF(U35:AY35,"LWP") -> 0 | BK35: =COUNTIF(U35:AY35,"WO") -> 2 | BL35: =BA35+BB35*0.5+BK35+BE35+BD35+BF35+BG35 -> 27 | BM35: 45 | BN35: 15 | BO35: =INT(BM35*0.8) -> 36 | BP35: =INT(BN35*0.8) -> 12 | BQ35: =BB35*0.5+BC35+BH35 -> 1
A36: 34 | B36: E-1678 | C36: 498INAnkita0525 | D36: Ankita | E36: Aprajita Jaiswal | F36: ankita@nexora.live | G36: NON MUSLIM | H36: 45791 | J36: Meta | K36: Rehan | L36: WFH - Direct | M36: Active | N36: Yes | O36: No | R36: No | S36: Hindi | T36: A18849 | U36: PP | V36: PP | W36: PP | X36: WO | Y36: PP | Z36: PP | AA36: PP | AB36: PP | AC36: PP | AD36: PP | AE36: PP | AG36: PP | AH36: PP | AI36: PP | AJ36: PP | AK36: PP | AL36: WO | AM36: CL | AN36: PP | AO36: PP | AP36: PP | AQ36: PP | AR36: PP | AU36: PP | AV36: PP | AW36: PP | AX36: Half-Day | AY36: PP | AZ36: =COUNTA(U36:AY36)-COUNTIF(U36:AY36,"N/A")-COUNTIF(U36:AY36,"attrite") -> 28 | BA36: =COUNTIF(U36:AY36,"PP") -> 24 | BB36: =COUNTIF(U36:AY36,"Half-Day") -> 1 | BC36: =COUNTIF(U36:AY36,"Leave") -> 0 | BD36: =COUNTIF(U36:AY36,"CL") -> 1 | BE36: =COUNTIF(U36:AY36,"HO") -> 0 | BF36: =COUNTIF(AY36:$BZT36,"Comp-off") -> 0 | BG36: =COUNTIF(U36:AY36,"EL") -> 0 | BH36: =COUNTIF(U36:AY36,"UL") -> 0 | BI36: =COUNTIF(U36:AY36,"UL P") -> 0 | BJ36: =COUNTIF(U36:AY36,"LWP") -> 0 | BK36: =COUNTIF(U36:AY36,"WO") -> 2 | BL36: =BA36+BB36*0.5+BK36+BE36+BD36+BF36+BG36 -> 27.5 | BM36: 45 | BN36: 15 | BO36: =INT(BM36*0.8) -> 36 | BP36: =INT(BN36*0.8) -> 12 | BQ36: =BB36*0.5+BC36+BH36 -> 0.5
A37: 36 | B37: E-2116 | C37: Haresh | D37: Haresh | E37: Sahil | F37: haresh@nexora.live | G37: Muslim | H37: 46056 | J37: Meta | K37: Rehan | L37: WFH - Direct | M37: Active | N37: Yes | O37: NO | R37: No | U37: PP | V37: PP | W37: PP | X37: WO | Y37: PP | Z37: PP | AA37: PP | AB37: PP | AC37: PP | AD37: PP | AG37: PP | AH37: PP | AI37: PP | AJ37: PP | AK37: PP | AL37: WO | AM37: PP | AN37: PP | AO37: PP | AP37: PP | AQ37: PP | AR37: PP | AU37: PP | AV37: PP | AW37: PP | AX37: PP | AY37: PP | AZ37: =COUNTA(U37:AY37)-COUNTIF(U37:AY37,"N/A")-COUNTIF(U37:AY37,"attrite") -> 27 | BA37: =COUNTIF(U37:AY37,"PP") -> 25 | BB37: =COUNTIF(U37:AY37,"Half-Day") -> 0 | BC37: =COUNTIF(U37:AY37,"Leave") -> 0 | BD37: =COUNTIF(U37:AY37,"CL") -> 0 | BE37: =COUNTIF(U37:AY37,"HO") -> 0 | BF37: =COUNTIF(AY37:$BZT37,"Comp-off") -> 0 | BG37: =COUNTIF(U37:AY37,"EL") -> 0 | BH37: =COUNTIF(U37:AY37,"UL") -> 0 | BI37: =COUNTIF(U37:AY37,"UL P") -> 0 | BJ37: =COUNTIF(U37:AY37,"LWP") -> 0 | BK37: =COUNTIF(U37:AY37,"WO") -> 2 | BL37: =BA37+BB37*0.5+BK37+BE37+BD37+BF37+BG37 -> 27 | BM37: 45 | BN37: 15 | BO37: =INT(BM37*0.8) -> 36 | BP37: =INT(BN37*0.8) -> 12 | BQ37: =BB37*0.5+BC37+BH37 -> 0
A38: 37 | B38: E-1656 | C38: 614INIRFAN0425 | D38: israr | E38: Mohmmad israr | F38: irfan@nexora.live | G38: MUSLIM | H38: 45770 | J38: Meta | K38: Rehan | L38: WFH - Direct | M38: Active | N38: Yes | O38: NO | Q38: No | R38: No | S38: hindi | T38: M22227 | U38: PP | V38: PP | W38: PP | X38: PP | Y38: WO | Z38: PP | AA38: Half-Day | AB38: PP | AC38: PP | AD38: PP | AF38: Half-Day | AG38: Absent | AH38: Absent | AI38: Absent | AJ38: Absent | AK38: Absent | AL38: PP | AM38: WO | AN38: PP | AO38: PP | AP38: PP | AQ38: PP | AR38: PP | AU38: PP | AV38: PP | AW38: PP | AX38: PP | AY38: PP | AZ38: =COUNTA(U38:AY38)-COUNTIF(U38:AY38,"N/A")-COUNTIF(U38:AY38,"attrite") -> 28 | BA38: =COUNTIF(U38:AY38,"PP") -> 19 | BB38: =COUNTIF(U38:AY38,"Half-Day") -> 2 | BC38: =COUNTIF(U38:AY38,"Leave") -> 0 | BD38: =COUNTIF(U38:AY38,"CL") -> 0 | BE38: =COUNTIF(U38:AY38,"HO") -> 0 | BF38: =COUNTIF(AY38:$BZT38,"Comp-off") -> 0 | BG38: =COUNTIF(U38:AY38,"EL") -> 0 | BH38: =COUNTIF(U38:AY38,"UL") -> 0 | BI38: =COUNTIF(U38:AY38,"UL P") -> 0 | BJ38: =COUNTIF(U38:AY38,"LWP") -> 0 | BK38: =COUNTIF(U38:AY38,"WO") -> 2 | BL38: =BA38+BB38*0.5+BK38+BE38+BD38+BF38+BG38 -> 22 | BM38: 45 | BN38: 15 | BO38: =INT(BM38*0.8) -> 36 | BP38: =INT(BN38*0.8) -> 12 | BQ38: =BB38*0.5+BC38+BH38 -> 1
A39: 38 | B39: E-1673 | C39: 497INAnjali0525 | D39: Anjali | E39: Amandeep | F39: anjali@nexora.live | G39: NON MUSLIM | H39: 45791 | J39: Meta | K39: Rehan | L39: WFH - Direct | M39: Active | N39: Yes | O39: No | R39: No | S39: Hindi and Punjabi | T39: A18863 | U39: PP | V39: PP | W39: PP | X39: WO | Y39: WO | Z39: PP | AA39: PP | AB39: PP | AC39: PP | AD39: PP | AG39: PP | AH39: PP | AI39: PP | AJ39: PP | AK39: PP | AL39: PP | AM39: WO | AN39: PP | AO39: PP | AP39: PP | AQ39: PP | AR39: PP | AU39: PP | AV39: PP | AW39: PP | AX39: PP | AY39: PP | AZ39: =COUNTA(U39:AY39)-COUNTIF(U39:AY39,"N/A")-COUNTIF(U39:AY39,"attrite") -> 27 | BA39: =COUNTIF(U39:AY39,"PP") -> 24 | BB39: =COUNTIF(U39:AY39,"Half-Day") -> 0 | BC39: =COUNTIF(U39:AY39,"Leave") -> 0 | BD39: =COUNTIF(U39:AY39,"CL") -> 0 | BE39: =COUNTIF(U39:AY39,"HO") -> 0 | BF39: =COUNTIF(AY39:$BZT39,"Comp-off") -> 0 | BG39: =COUNTIF(U39:AY39,"EL") -> 0 | BH39: =COUNTIF(U39:AY39,"UL") -> 0 | BI39: =COUNTIF(U39:AY39,"UL P") -> 0 | BJ39: =COUNTIF(U39:AY39,"LWP") -> 0 | BK39: =COUNTIF(U39:AY39,"WO") -> 3 | BL39: =BA39+BB39*0.5+BK39+BE39+BD39+BF39+BG39 -> 27 | BM39: 45 | BN39: 15 | BO39: =INT(BM39*0.8) -> 36 | BP39: =INT(BN39*0.8) -> 12 | BQ39: =BB39*0.5+BC39+BH39 -> 0
A40: 39 | B40: E- 1237 | C40: 313DXBKAWALJITK1124 | D40: Kawaljit | E40: Kawaljit Kaur | F40: kawaljit.k@nexora.live | G40: NON MUSLIM | H40: 45609 | J40: Meta | K40: Rehan | L40: DXB | M40: Active | N40: Yes | O40: No | Q40: No | R40: No | S40: Punjabi, Hindi | T40: K19388 | U40: PP | V40: PP | W40: PP | X40: PP | Y40: WO | Z40: Absent | AA40: PP | AB40: PP | AC40: PP | AD40: PP | AE40: PP | AG40: PP | AH40: PP | AI40: PP | AJ40: PP | AK40: PP | AL40: PP | AM40: WO | AN40: PP | AO40: PP | AP40: PP | AQ40: PP | AR40: PP | AU40: PP | AV40: PP | AW40: PP | AX40: PP | AY40: PP | AZ40: =COUNTA(U40:AY40)-COUNTIF(U40:AY40,"N/A")-COUNTIF(U40:AY40,"attrite") -> 28 | BA40: =COUNTIF(U40:AY40,"PP") -> 25 | BB40: =COUNTIF(U40:AY40,"Half-Day") -> 0 | BC40: =COUNTIF(U40:AY40,"Leave") -> 0 | BD40: =COUNTIF(U40:AY40,"CL") -> 0 | BE40: =COUNTIF(U40:AY40,"HO") -> 0 | BF40: =COUNTIF(AY40:$BZT40,"Comp-off") -> 0 | BG40: =COUNTIF(U40:AY40,"EL") -> 0 | BH40: =COUNTIF(U40:AY40,"UL") -> 0 | BI40: =COUNTIF(U40:AY40,"UL P") -> 0 | BJ40: =COUNTIF(U40:AY40,"LWP") -> 0 | BK40: =COUNTIF(U40:AY40,"WO") -> 2 | BL40: =BA40+BB40*0.5+BK40+BE40+BD40+BF40+BG40 -> 27 | BM40: 45 | BN40: 15 | BO40: =INT(BM40*0.8) -> 36 | BP40: =INT(BN40*0.8) -> 12 | BQ40: =BB40*0.5+BC40+BH40 -> 0
A41: 40 | B41: E-1689 | C41: 502INFAHRUKH0525 | D41: FAHRUKH | E41: Firoj Shaikh | F41: fahrukh@nexora.live | G41: MUSLIM | H41: 45791 | J41: Meta | K41: Rehan | L41: WFH - Direct | M41: Active | N41: Yes | O41: No | Q41: No | R41: No | S41: Hindi and English | T41: F23175 | U41: PP | V41: PP | W41: PP | X41: PP | Y41: WO | Z41: PP | AA41: PP | AB41: PP | AC41: PP | AD41: PP | AE41: PP | AG41: PP | AH41: PP | AI41: PP | AJ41: PP | AK41: PP | AL41: PP | AM41: WO | AN41: PP | AO41: PP | AP41: PP | AQ41: PP | AR41: PP | AU41: PP | AV41: PP | AW41: PP | AX41: PP | AY41: PP | AZ41: =COUNTA(U41:AY41)-COUNTIF(U41:AY41,"N/A")-COUNTIF(U41:AY41,"attrite") -> 28 | BA41: =COUNTIF(U41:AY41,"PP") -> 26 | BB41: =COUNTIF(U41:AY41,"Half-Day") -> 0 | BC41: =COUNTIF(U41:AY41,"Leave") -> 0 | BD41: =COUNTIF(U41:AY41,"CL") -> 0 | BE41: =COUNTIF(U41:AY41,"HO") -> 0 | BF41: =COUNTIF(AY41:$BZT41,"Comp-off") -> 0 | BG41: =COUNTIF(U41:AY41,"EL") -> 0 | BH41: =COUNTIF(U41:AY41,"UL") -> 0 | BI41: =COUNTIF(U41:AY41,"UL P") -> 0 | BJ41: =COUNTIF(U41:AY41,"LWP") -> 0 | BK41: =COUNTIF(U41:AY41,"WO") -> 2 | BL41: =BA41+BB41*0.5+BK41+BE41+BD41+BF41+BG41 -> 28 | BM41: 45 | BN41: 15 | BO41: =INT(BM41*0.8) -> 36 | BP41: =INT(BN41*0.8) -> 12 | BQ41: =BB41*0.5+BC41+BH41 -> 0
A42: 45 | B42: E-1817 | C42: 577INSAURABH0725 | D42: Saurabh | E42: Shalabh Mathur | F42: saurabh.s@nexora.live | G42: NON MUSLIM | H42: 45867 | J42: Meta | K42: Rehan | L42: WFH - Direct | M42: Active | N42: Yes | O42: No | S42: Hindi,English | T42: S18921 | U42: PP | V42: PP | W42: PP | X42: PP | Y42: WO | Z42: PP | AA42: PP | AB42: PP | AC42: Half-Day | AD42: Absent | AG42: PP | AH42: PP | AI42: PP | AJ42: PP | AK42: PP | AL42: WO | AM42: PP | AN42: PP | AO42: PP | AP42: PP | AQ42: PP | AR42: Absent | AS42: Absent | AT42: Absent | AU42: PP | AV42: PP | AW42: PP | AX42: PP | AY42: PP | AZ42: =COUNTA(U42:AY42)-COUNTIF(U42:AY42,"N/A")-COUNTIF(U42:AY42,"attrite") -> 29 | BA42: =COUNTIF(U42:AY42,"PP") -> 22 | BB42: =COUNTIF(U42:AY42,"Half-Day") -> 1 | BC42: =COUNTIF(U42:AY42,"Leave") -> 0 | BD42: =COUNTIF(U42:AY42,"CL") -> 0 | BE42: =COUNTIF(U42:AY42,"HO") -> 0 | BF42: =COUNTIF(AY42:$BZT42,"Comp-off") -> 0 | BG42: =COUNTIF(U42:AY42,"EL") -> 0 | BH42: =COUNTIF(U42:AY42,"UL") -> 0 | BI42: =COUNTIF(U42:AY42,"UL P") -> 0 | BJ42: =COUNTIF(U42:AY42,"LWP") -> 0 | BK42: =COUNTIF(U42:AY42,"WO") -> 2 | BL42: =BA42+BB42*0.5+BK42+BE42+BD42+BF42+BG42 -> 24.5 | BM42: 45 | BN42: 15 | BO42: =INT(BM42*0.8) -> 36 | BP42: =INT(BN42*0.8) -> 12 | BQ42: =BB42*0.5+BC42+BH42 -> 0.5
A43: 30 | B43: E-1913 | C43: 596INSHAMBU0925 | D43: Shambu | E43: Satish Chauhan | F43: shambu@nexora.live | G43: NON MUSLIM | H43: 45909 | I43: 9:30AM - 6:30PM | J43: Telegram | K43: Rehan | L43: WFH - Direct | M43: Active | N43: yes | O43: NO | S43: English and Hindi | T43: S19285 | U43: PP | V43: PP | W43: PP | X43: PP | Y43: WO | Z43: PP | AA43: PP | AB43: PP | AC43: PP | AD43: PP | AG43: PP | AH43: PP | AI43: PP | AJ43: PP | AK43: PP | AL43: PP | AM43: WO | AN43: PP | AP43: PP | AQ43: PP | AR43: PP | AU43: PP | AV43: PP | AW43: PP | AX43: PP | AY43: PP | AZ43: =COUNTA(U43:AY43)-COUNTIF(U43:AY43,"N/A")-COUNTIF(U43:AY43,"attrite") -> 26 | BA43: =COUNTIF(U43:AY43,"PP") -> 24 | BB43: =COUNTIF(U43:AY43,"Half-Day") -> 0 | BC43: =COUNTIF(U43:AY43,"Leave") -> 0 | BD43: =COUNTIF(U43:AY43,"CL") -> 0 | BE43: =COUNTIF(U43:AY43,"HO") -> 0 | BF43: =COUNTIF(AY43:$BZT43,"Comp-off") -> 0 | BG43: =COUNTIF(U43:AY43,"EL") -> 0 | BH43: =COUNTIF(U43:AY43,"UL") -> 0 | BI43: =COUNTIF(U43:AY43,"UL P") -> 0 | BJ43: =COUNTIF(U43:AY43,"LWP") -> 0 | BK43: =COUNTIF(U43:AY43,"WO") -> 2 | BL43: =BA43+BB43*0.5+BK43+BE43+BD43+BF43+BG43 -> 26 | BM43: 45 | BN43: 15 | BO43: 36 | BP43: 12 | BQ43: =BB43*0.5+BC43+BH43 -> 0
A44: 35 | B44: E-1717 | C44: 537INMITALI0625 | D44: Mitali | E44: Manasvi Tiwari | F44: mitali@nexora.live | G44: NON MUSLIM | H44: 45810 | I44: 11AM - 8:00 PM | J44: Telegram | K44: Rehan | L44: WFH - Direct | M44: Active | N44: Yes | O44: NO | R44: +63 9757380279 | S44: Hindi,English | T44: M18857 | U44: PP | V44: PP | W44: PP | X44: WO | Y44: PP | Z44: PP | AA44: PP | AB44: PP | AC44: PP | AD44: PP | AG44: PP | AH44: PP | AI44: PP | AJ44: PP | AK44: PP | AL44: PP | AM44: WO | AN44: PP | AO44: PP | AP44: PP | AQ44: PP | AR44: PP | AU44: PP | AV44: PP | AW44: PP | AX44: PP | AY44: PP | AZ44: =COUNTA(U44:AY44)-COUNTIF(U44:AY44,"N/A")-COUNTIF(U44:AY44,"attrite") -> 27 | BA44: =COUNTIF(U44:AY44,"PP") -> 25 | BB44: =COUNTIF(U44:AY44,"Half-Day") -> 0 | BC44: =COUNTIF(U44:AY44,"Leave") -> 0 | BD44: =COUNTIF(U44:AY44,"CL") -> 0 | BE44: =COUNTIF(U44:AY44,"HO") -> 0 | BF44: =COUNTIF(AY44:$BZT44,"Comp-off") -> 0 | BG44: =COUNTIF(U44:AY44,"EL") -> 0 | BH44: =COUNTIF(U44:AY44,"UL") -> 0 | BI44: =COUNTIF(U44:AY44,"UL P") -> 0 | BJ44: =COUNTIF(U44:AY44,"LWP") -> 0 | BK44: =COUNTIF(U44:AY44,"WO") -> 2 | BL44: =BA44+BB44*0.5+BK44+BE44+BD44+BF44+BG44 -> 27 | BM44: 45 | BN44: 15 | BO44: 36 | BP44: 12 | BQ44: =BB44*0.5+BC44+BH44 -> 0
A45: 42 | B45: E-1460 | C45: 412INADHARV0225 | D45: Adharv A | E45: Anuj Saini | F45: adharv@nexora.live | G45: NON MUSLIM | H45: 45695 | I45: 11AM - 8:00 PM | J45: Telegram | K45: Rehan | L45: WFH - Direct | M45: Active | N45: Yes | O45: NO | R45: +84 56 278 8327 | S45: Hindi | T45: A18913 | U45: PP | V45: PP | W45: PP | X45: PP | Y45: WO | Z45: PP | AA45: PP | AB45: PP | AC45: PP | AD45: PP | AG45: PP | AH45: PP | AI45: PP | AJ45: PP | AK45: PP | AL45: PP | AM45: WO | AN45: PP | AO45: PP | AP45: PP | AQ45: PP | AR45: PP | AU45: PP | AV45: PP | AW45: PP | AX45: PP | AY45: PP | AZ45: =COUNTA(U45:AY45)-COUNTIF(U45:AY45,"N/A")-COUNTIF(U45:AY45,"attrite") -> 27 | BA45: =COUNTIF(U45:AY45,"PP") -> 25 | BB45: =COUNTIF(U45:AY45,"Half-Day") -> 0 | BC45: =COUNTIF(U45:AY45,"Leave") -> 0 | BD45: =COUNTIF(U45:AY45,"CL") -> 0 | BE45: =COUNTIF(U45:AY45,"HO") -> 0 | BF45: =COUNTIF(AY45:$BZT45,"Comp-off") -> 0 | BG45: =COUNTIF(U45:AY45,"EL") -> 0 | BH45: =COUNTIF(U45:AY45,"UL") -> 0 | BI45: =COUNTIF(U45:AY45,"UL P") -> 0 | BJ45: =COUNTIF(U45:AY45,"LWP") -> 0 | BK45: =COUNTIF(U45:AY45,"WO") -> 2 | BL45: =BA45+BB45*0.5+BK45+BE45+BD45+BF45+BG45 -> 27 | BM45: 45 | BN45: 15 | BO45: 36 | BP45: 12 | BQ45: =BB45*0.5+BC45+BH45 -> 0
A46: 43 | B46: E-2135 | C46: Alina | D46: Alina | E46: Maria Ikram Khan | F46: alina@nexora.live | G46: MUSLIM | H46: 46064 | I46: 9:30AM - 6:30PM | J46: Telegram | K46: Rehan | L46: WFH - Direct | M46: Active | N46: NO | O46: NO | S46: Hindi, Urdu and English | U46: PP | V46: PP | W46: PP | X46: WO | Y46: WO | Z46: PP | AA46: PP | AB46: PP | AC46: PP | AD46: PP | AG46: PP | AH46: PP | AI46: PP | AJ46: PP | AK46: PP | AL46: PP | AM46: WO | AN46: PP | AO46: PP | AP46: PP | AQ46: PP | AR46: PP | AU46: PP | AV46: PP | AW46: PP | AX46: PP | AY46: Absent | AZ46: =COUNTA(U46:AY46)-COUNTIF(U46:AY46,"N/A")-COUNTIF(U46:AY46,"attrite") -> 27 | BA46: =COUNTIF(U46:AY46,"PP") -> 23 | BB46: =COUNTIF(U46:AY46,"Half-Day") -> 0 | BC46: =COUNTIF(U46:AY46,"Leave") -> 0 | BD46: =COUNTIF(U46:AY46,"CL") -> 0 | BE46: =COUNTIF(U46:AY46,"HO") -> 0 | BF46: =COUNTIF(AY46:$BZT46,"Comp-off") -> 0 | BG46: =COUNTIF(U46:AY46,"EL") -> 0 | BH46: =COUNTIF(U46:AY46,"UL") -> 0 | BI46: =COUNTIF(U46:AY46,"UL P") -> 0 | BJ46: =COUNTIF(U46:AY46,"LWP") -> 0 | BK46: =COUNTIF(U46:AY46,"WO") -> 3 | BL46: =BA46+BB46*0.5+BK46+BE46+BD46+BF46+BG46 -> 26 | BM46: 45 | BN46: 15 | BO46: 36 | BP46: 12 | BQ46: =BB46*0.5+BC46+BH46 -> 0
A47: 44 | B47: E-1832 | C47: 585INRITESH0725 | D47: Ritesh | E47: Rituraj | F47: ritesh@nexora.live | G47: NON MUSLIM | H47: 45867 | I47: 11AM - 8:00 PM | J47: Telegram | K47: Rehan | L47: WFH - Direct | M47: Active | N47: yes | O47: No | P47: 9401008194 | S47: Hindi and English | T47: R18927 | U47: PP | V47: PP | W47: PP | X47: WO | Y47: PP | Z47: PP | AA47: PP | AB47: PP | AC47: PP | AD47: PP | AF47: LWP | AG47: PP | AH47: PP | AI47: PP | AJ47: PP | AK47: PP | AL47: WO | AM47: Absent | AN47: Absent | AO47: Absent | AP47: Absent | AQ47: Absent | AR47: Absent | AS47: Absent | AT47: Absent | AU47: PP | AV47: PP | AW47: PP | AX47: PP | AY47: PP | AZ47: =COUNTA(U47:AY47)-COUNTIF(U47:AY47,"N/A")-COUNTIF(U47:AY47,"attrite") -> 30 | BA47: =COUNTIF(U47:AY47,"PP") -> 19 | BB47: =COUNTIF(U47:AY47,"Half-Day") -> 0 | BC47: =COUNTIF(U47:AY47,"Leave") -> 0 | BD47: =COUNTIF(U47:AY47,"CL") -> 0 | BE47: =COUNTIF(U47:AY47,"HO") -> 0 | BF47: =COUNTIF(AY47:$BZT47,"Comp-off") -> 0 | BG47: =COUNTIF(U47:AY47,"EL") -> 0 | BH47: =COUNTIF(U47:AY47,"UL") -> 0 | BI47: =COUNTIF(U47:AY47,"UL P") -> 0 | BJ47: =COUNTIF(U47:AY47,"LWP") -> 1 | BK47: =COUNTIF(U47:AY47,"WO") -> 2 | BL47: =BA47+BB47*0.5+BK47+BE47+BD47+BF47+BG47 -> 21 | BM47: 45 | BN47: 15 | BO47: 36 | BP47: 12 | BQ47: =BB47*0.5+BC47+BH47 -> 0
A48: 46 | B48: E-1821 | C48: 580INRIDDHI0825 | D48: Riddhi | E48: Rachna Joshi | F48: riddhi@nexora.live | G48: NON MUSLIM | H48: 45867 | I48: 9:30AM - 6:30PM | J48: Telegram | K48: Rehan | L48: WFH - Direct | M48: Active | N48: yes | O48: No | Q48: No | R48: No | S48: Hindi, Punjabi and English | T48: R18931 | U48: PP | V48: PP | W48: PP | X48: WO | Y48: PP | Z48: PP | AA48: PP | AB48: PP | AC48: PP | AD48: PP | AG48: PP | AH48: PP | AI48: PP | AJ48: PP | AK48: PP | AL48: PP | AM48: WO | AN48: PP | AO48: PP | AP48: Absent | AQ48: PP | AR48: PP | AU48: PP | AV48: PP | AW48: PP | AX48: PP | AY48: PP | AZ48: =COUNTA(U48:AY48)-COUNTIF(U48:AY48,"N/A")-COUNTIF(U48:AY48,"attrite") -> 27 | BA48: =COUNTIF(U48:AY48,"PP") -> 24 | BB48: =COUNTIF(U48:AY48,"Half-Day") -> 0 | BC48: =COUNTIF(U48:AY48,"Leave") -> 0 | BD48: =COUNTIF(U48:AY48,"CL") -> 0 | BE48: =COUNTIF(U48:AY48,"HO") -> 0 | BF48: =COUNTIF(AY48:$BZT48,"Comp-off") -> 0 | BG48: =COUNTIF(U48:AY48,"EL") -> 0 | BH48: =COUNTIF(U48:AY48,"UL") -> 0 | BI48: =COUNTIF(U48:AY48,"UL P") -> 0 | BJ48: =COUNTIF(U48:AY48,"LWP") -> 0 | BK48: =COUNTIF(U48:AY48,"WO") -> 2 | BL48: =BA48+BB48*0.5+BK48+BE48+BD48+BF48+BG48 -> 26 | BM48: 45 | BN48: 15 | BO48: 36 | BP48: 12 | BQ48: =BB48*0.5+BC48+BH48 -> 0

Sheet QA
A1: Email | B1: TL | C1: Audit Count | D1: Average Quality Scores
A2: ishika@nexora.live | B2: Roshni | C2: 37 | D2: 1
A3: irfan@nexora.live | B3: Rehan | C3: 34 | D3: 0.99705882
A4: shambu@nexora.live | B4: Rehan | C4: 32 | D4: 0.996875
A5: ritesh@nexora.live | B5: Rehan | C5: 29 | D5: 0.9862069
A6: ashutosh@nexora.live | B6: Saif | C6: 32 | D6: 0.9859375
A7: deepa.negi@nexora.live | B7: Rehan | C7: 35 | D7: 0.98428571
A8: vamshi@nexora.live | B8: Roshni | C8: 34 | D8: 0.98382353
A9: kawaljit.k@nexora.live | B9: Rehan | C9: 34 | D9: 0.98088235
A10: sachin.g@nexora.live | B10: Saif | C10: 34 | D10: 0.96911765
A11: sana@nexora.live | B11: Roshni | C11: 34 | D11: 0.96764706
A12: haresh@nexora.live | B12: Rehan | C12: 32 | D12: 0.9625
A13: mitali@nexora.live | B13: Rehan | C13: 34 | D13: 0.95588235
... A50: akhil@nexora.live | B50: Saif | C50: 34 | D50: 0.58529412

Sheet Call Tagging
A1: Cre | B1: CRE Names | C1: Audit Count | D1: Call Tagging Error Count | E1: Call Tagging Error Percentage | F1: Valid Call Tagging
A2: sangita.m@nexora.live | B2: 272INSANGITAM0924 | C2: 5 | D2: 1 | E2: 0.2 | F2: 0.8
A3: shambu@nexora.live | B3: 596INSHAMBU0925 | C3: 216 | D3: 39 | E3: 0.18055556 | F3: 0.81944444
A4: ankita@nexora.live | B4: 498INANKITA0525 | C4: 115 | D4: 17 | E4: 0.14782609 | F4: 0.85217391
A5: mitali@nexora.live | B5: 537INMITALI0625 | C5: 84 | D5: 11 | E5: 0.13095238 | F5: 0.86904762
A6: chandan.y@nexora.live | B6: 251INCHANDANY0924 | C6: 58 | D6: 6 | E6: 0.10344828 | F6: 0.89655172
A7: irfan@nexora.live | B7: 614INIRFAN0425 | C7: 110 | D7: 9 | E7: 0.081818182 | F7: 0.91818182
A8: abhishek.k@nexora.live | B8: 223INABHIK0824 | C8: 203 | D8: 16 | E8: 0.078817734 | F8: 0.92118227
A9: nair@nexora.live | B9: 520INNAIR0525 | C9: 215 | D9: 16 | E9: 0.074418605 | F9: 0.9255814
A10: sushil@nexora.live | B10: 475INSUSHIL0525 | C10: 289 | D10: 21 | E10: 0.07266436 | F10: 0.92733564
A11: waman@nexora.live | B11: 88WAMAN1123 | C11: 197 | D11: 14 | E11: 0.07106599 | F11: 0.92893401
A12: fahrukh@nexora.live | B12: 502INFAHRUKH0525 | C12: 248 | D12: 17 | E12: 0.068548387 | F12: 0.93145161
A13: riddhi@nexora.live | B13: 580INRIDDHI0825 | C13: 190 | D13: 13 | E13: 0.068421053 | F13: 0.93157895
... A20: prince@nexora.live | B20: 18INPRINCE0923 | C20: 284 | D20: 10 | E20: 0.035211268 | F20: 0.96478873
A21: #N/A | B21: 01INMONIKA0723 | C21: 3 | D21: 0 | E21: 0 | F21: 1
A22: suresh@nexora.live | B22: 597INSURESH0925 | C22: 1 | D22: 0 | E22: 0 | F22: 1

Sheet Avg Dials
A1: CRM ID | B1: Avg_Daily_Dials | C1: Avg_Daily_Unique_Dials
A2: namrata@nexora.live | B2: 163.31 | C2: 153.27
A3: bevi@nexora.live | B3: 194.59 | C3: 177.33
A4: kawaljit.k@nexora.live | B4: 201.44 | C4: 150.92
A5: ishika@nexora.live | B5: 200.73 | C5: 181.92
A6: disha@nexora.live | B6: 221.25 | C6: 142.42
A7: ashpreet.k@nexora.live | B7: 216.13 | C7: 93.17
A8: akhil@nexora.live | B8: 286.13 | C8: 230.96
A9: shruti@nexora.live | B9: 184.88 | C9: 167.88
A10: saurabh.s@nexora.live | B10: 147.64 | C10: 107.68
A11: glavin@nexora.live | B11: 149.04 | C11: 112.04
A12: manpreet@nexora.live | B12: 123.4 | C12: 79.8
A13: riddhi@nexora.live | B13: 226.38 | C13: 176.23
... A88: charan@nexora.live | B88: 25.06 | C88: 23.39

Sheet SOP
A1: CRE EMAIL | B1: CRE Name | C1: Calling SOP Not Followed | D1: Deduction
A2: ashutosh@nexora.live | B2: 13INASHUTOSH0823 | C2: 25 | D2: =C2*150 -> 3750
A3: abhishek.k@nexora.live | B3: 223INABHIK0824 | C3: 25 | D3: =C3*150 -> 3750
A4: fahrukh@nexora.live | B4: 502INFAHRUKH0525 | C4: 15 | D4: =C4*150 -> 2250
A5: waman@nexora.live | B5: 88WAMAN1123 | C5: 12 | D5: =C5*150 -> 1800
A6: riddhi@nexora.live | B6: 580INRIDDHI0825 | C6: 11 | D6: =C6*150 -> 1650
A7: saurabh.s@nexora.live | B7: 577INSAURABH0725 | C7: 9 | D7: =C7*150 -> 1350
A8: ritesh@nexora.live | B8: 585INRITESH0725 | C8: 6 | D8: =C8*150 -> 900
A9: ankita@nexora.live | B9: 498INANKITA0525 | C9: 5 | D9: =C9*150 -> 750
A10: mitali@nexora.live | B10: 537INMITALI0625 | C10: 4 | D10: =C10*150 -> 600
A11: disha@nexora.live | B11: Disha | C11: 4 | D11: =C11*150 -> 600
A12: deepraj@nexora.live | B12: Deepraj | C12: 3 | D12: =C12*150 -> 450
A13: irfan@nexora.live | B13: 614INIRFAN0425 | C13: 3 | D13: =C13*150 -> 450
... A26: ramya@nexora.live | B26: ramya | C26: 1 | D26: =C26*150 -> 150
A27: #N/A | B27: 01INMONIKA0723 | C27: 1 | D27: =C27*150 -> 150
A28: sushma@nexora.live | B28: Sushma | C28: 1 | D28: =C28*150 -> 150
A29: sangita.m@nexora.live | B29: 272INSANGITAM0924 | C29: 1 | D29: =C29*150 -> 150
A30: sana@nexora.live | B30: Sana | C30: 1 | D30: =C30*150 -> 150
A31: suresh@nexora.live | B31: 597INSURESH0925 | C31: 1 | D31: =C31*150 -> 150
A32: anjali@nexora.live | B32: 497INANJALI0525 | C32: 1 | D32: =C32*150 -> 150
A33: alina@nexora.live | B33: Alina | C33: 1 | D33: =C33*150 -> 150
A34: aamir@nexora.live | B34: Aamir Aamir | C34: 1 | D34: =C34*150 -> 150
A35: oreen@nexora.live | B35: oreen | C35: 1 | D35: =C35*150 -> 150

Sheet 3 month performance
A1: Email ID | B1: July | C1: June | D1: May | E1: Average | F1: Date of Joining | G1: Months | H1: Eligibility
A2: ashutosh@nexora.live | B2: 60 | C2: =_xlfn.XLOOKUP(A2,'June Incentive'!A:A,'June Incentive'!I:I) -> 110 | D2: =_xlfn.XLOOKUP(A2,'May Incentive'!A:A,'May Incentive'!I:I,0) -> 70.83 | E2: =(D2+C2+B2)/3 -> 80.276667 | F2: =_xlfn.XLOOKUP(A2,Attendance!F:F,Attendance!H:H) -> 45152 | G2: =IFERROR((DATE(2026,7,31)-F2)/30, "Not Found") -> 36.066667 | H2: =IF(G2="","",IF(G2<6,"ELIGIBLE",IF(E2>85,"ELIGIBLE","NOT ELIGIBLE"))) -> NOT ELIGIBLE
A3: prince@nexora.live | B3: 77.5 | C3: =_xlfn.XLOOKUP(A3,'June Incentive'!A:A,'June Incentive'!I:I) -> 110.83 | D3: =_xlfn.XLOOKUP(A3,'May Incentive'!A:A,'May Incentive'!I:I,0) -> 82.5 | E3: =(D3+C3+B3)/3 -> 90.276667 | F3: =_xlfn.XLOOKUP(A3,Attendance!F:F,Attendance!H:H) -> 45182 | G3: =IFERROR((DATE(2026,7,31)-F3)/30, "Not Found") -> 35.066667 | H3: =IF(G3="","",IF(G3<6,"ELIGIBLE",IF(E3>85,"ELIGIBLE","NOT ELIGIBLE"))) -> ELIGIBLE
A4: waman@nexora.live | B4: 110.83333 | C4: =_xlfn.XLOOKUP(A4,'June Incentive'!A:A,'June Incentive'!I:I) -> 93.33 | D4: =_xlfn.XLOOKUP(A4,'May Incentive'!A:A,'May Incentive'!I:I,0) -> 70.83 | E4: =(D4+C4+B4)/3 -> 91.664444 | F4: =_xlfn.XLOOKUP(A4,Attendance!F:F,Attendance!H:H) -> 45512 | G4: =IFERROR((DATE(2026,7,31)-F4)/30, "Not Found") -> 24.066667 | H4: =IF(G4="","",IF(G4<6,"ELIGIBLE",IF(E4>85,"ELIGIBLE","NOT ELIGIBLE"))) -> ELIGIBLE
A5: nair@nexora.live | B5: 58.333333 | C5: =_xlfn.XLOOKUP(A5,'June Incentive'!A:A,'June Incentive'!I:I) -> 78.33 | D5: =_xlfn.XLOOKUP(A5,'May Incentive'!A:A,'May Incentive'!I:I,0) -> 65.83 | E5: =(D5+C5+B5)/3 -> 67.497778 | F5: =_xlfn.XLOOKUP(A5,Attendance!F:F,Attendance!H:H) -> 45800 | G5: =IFERROR((DATE(2026,7,31)-F5)/30, "Not Found") -> 14.466667 | H5: =IF(G5="","",IF(G5<6,"ELIGIBLE",IF(E5>85,"ELIGIBLE","NOT ELIGIBLE"))) -> NOT ELIGIBLE
A6: sushil@nexora.live | B6: 73.333333 | C6: =_xlfn.XLOOKUP(A6,'June Incentive'!A:A,'June Incentive'!I:I) -> 73.33 | D6: =_xlfn.XLOOKUP(A6,'May Incentive'!A:A,'May Incentive'!I:I,0) -> 62.5 | E6: =(D6+C6+B6)/3 -> 69.721111 | F6: =_xlfn.XLOOKUP(A6,Attendance!F:F,Attendance!H:H) -> 45777 | G6: =IFERROR((DATE(2026,7,31)-F6)/30, "Not Found") -> 15.233333 | H6: =IF(G6="","",IF(G6<6,"ELIGIBLE",IF(E6>85,"ELIGIBLE","NOT ELIGIBLE"))) -> NOT ELIGIBLE
A7: sachin.g@nexora.live | B7: 58.333333 | C7: =_xlfn.XLOOKUP(A7,'June Incentive'!A:A,'June Incentive'!I:I) -> 91.11 | D7: =_xlfn.XLOOKUP(A7,'May Incentive'!A:A,'May Incentive'!I:I,0) -> 57.78 | E7: =(D7+C7+B7)/3 -> 69.074444 | F7: =_xlfn.XLOOKUP(A7,Attendance!F:F,Attendance!H:H) -> 45590 | G7: =IFERROR((DATE(2026,7,31)-F7)/30, "Not Found") -> 21.466667 | H7: =IF(G7="","",IF(G7<6,"ELIGIBLE",IF(E7>85,"ELIGIBLE","NOT ELIGIBLE"))) -> NOT ELIGIBLE
A8: sushma@nexora.live | B8: 46.666667 | C8: =_xlfn.XLOOKUP(A8,'June Incentive'!A:A,'June Incentive'!I:I) -> 46.67 | D8: =_xlfn.XLOOKUP(A8,'May Incentive'!A:A,'May Incentive'!I:I,0) -> 0 | E8: =(D8+C8+B8)/3 -> 31.112222 | F8: =_xlfn.XLOOKUP(A8,Attendance!F:F,Attendance!H:H) -> 46162 | G8: =IFERROR((DATE(2026,7,31)-F8)/30, "Not Found") -> 2.4 | H8: =IF(G8="","",IF(G8<6,"ELIGIBLE",IF(E8>85,"ELIGIBLE","NOT ELIGIBLE"))) -> ELIGIBLE
A9: divya.d@nexora.live | B9: 106.66667 | C9: =_xlfn.XLOOKUP(A9,'June Incentive'!A:A,'June Incentive'!I:I) -> 40 | D9: =_xlfn.XLOOKUP(A9,'May Incentive'!A:A,'May Incentive'!I:I,0) -> 0 | E9: =(D9+C9+B9)/3 -> 48.888889 | F9: =_xlfn.XLOOKUP(A9,Attendance!F:F,Attendance!H:H) -> 46162 | G9: =IFERROR((DATE(2026,7,31)-F9)/30, "Not Found") -> 2.4 | H9: =IF(G9="","",IF(G9<6,"ELIGIBLE",IF(E9>85,"ELIGIBLE","NOT ELIGIBLE"))) -> ELIGIBLE
A10: deepraj@nexora.live | B10: 60 | C10: =_xlfn.XLOOKUP(A10,'June Incentive'!A:A,'June Incentive'!I:I) -> 20 | D10: =_xlfn.XLOOKUP(A10,'May Incentive'!A:A,'May Incentive'!I:I,0) -> 0 | E10: =(D10+C10+B10)/3 -> 26.666667 | F10: =_xlfn.XLOOKUP(A10,Attendance!F:F,Attendance!H:H) -> 46162 | G10: =IFERROR((DATE(2026,7,31)-F10)/30, "Not Found") -> 2.4 | H10: =IF(G10="","",IF(G10<6,"ELIGIBLE",IF(E10>85,"ELIGIBLE","NOT ELIGIBLE"))) -> ELIGIBLE
A11: nitish@nexora.live | B11: 80 | C11: =_xlfn.XLOOKUP(A11,'June Incentive'!A:A,'June Incentive'!I:I) -> 6.67 | D11: =_xlfn.XLOOKUP(A11,'May Incentive'!A:A,'May Incentive'!I:I,0) -> 0 | E11: =(D11+C11+B11)/3 -> 28.89 | F11: =_xlfn.XLOOKUP(A11,Attendance!F:F,Attendance!H:H) -> 46162 | G11: =IFERROR((DATE(2026,7,31)-F11)/30, "Not Found") -> 2.4 | H11: =IF(G11="","",IF(G11<6,"ELIGIBLE",IF(E11>85,"ELIGIBLE","NOT ELIGIBLE"))) -> ELIGIBLE
A12: akhil@nexora.live | B12: 60 | C12: =_xlfn.XLOOKUP(A12,'June Incentive'!A:A,'June Incentive'!I:I) -> 6.67 | D12: =_xlfn.XLOOKUP(A12,'May Incentive'!A:A,'May Incentive'!I:I,0) -> 0 | E12: =(D12+C12+B12)/3 -> 22.223333 | F12: =_xlfn.XLOOKUP(A12,Attendance!F:F,Attendance!H:H) -> 46162 | G12: =IFERROR((DATE(2026,7,31)-F12)/30, "Not Found") -> 2.4 | H12: =IF(G12="","",IF(G12<6,"ELIGIBLE",IF(E12>85,"ELIGIBLE","NOT ELIGIBLE"))) -> ELIGIBLE
A13: sumanth@nexora.live | B13: 53.333333 | C13: =_xlfn.XLOOKUP(A13,'June Incentive'!A:A,'June Incentive'!I:I) -> 13.33 | D13: =_xlfn.XLOOKUP(A13,'May Incentive'!A:A,'May Incentive'!I:I,0) -> 0 | E13: =(D13+C13+B13)/3 -> 22.221111 | F13: =_xlfn.XLOOKUP(A13,Attendance!F:F,Attendance!H:H) -> 46164 | G13: =IFERROR((DATE(2026,7,31)-F13)/30, "Not Found") -> 2.3333333 | H13: =IF(G13="","",IF(G13<6,"ELIGIBLE",IF(E13>85,"ELIGIBLE","NOT ELIGIBLE"))) -> ELIGIBLE
... A48: riddhi@nexora.live | B48: 42.222222 | C48: =_xlfn.XLOOKUP(A48,'June Incentive'!A:A,'June Incentive'!I:I) -> 44.44 | D48: =_xlfn.XLOOKUP(A48,'May Incentive'!A:A,'May Incentive'!I:I,0) -> 31.11 | E48: =(D48+C48+B48)/3 -> 39.257407 | F48: =_xlfn.XLOOKUP(A48,Attendance!F:F,Attendance!H:H) -> 45867 | G48: =IFERROR((DATE(2026,7,31)-F48)/30, "Not Found") -> 12.233333 | H48: =IF(G48="","",IF(G48<6,"ELIGIBLE",IF(E48>85,"ELIGIBLE","NOT ELIGIBLE"))) -> NOT ELIGIBLE

Sheet June Incentive
A1: EmailID | B1: Employee_Code | C1: TL | D1: Pool | E1: Final_target | F1: Incentive_Eligibility | G1: Refer_Eligibility | H1: Conversion | I1: Conversion% | J1: Referral_Conversion | K1: Lead_Source_Distribution | L1: Ten_K_Deposit | M1: Fif_K_Deposit | N1: Ten_K_Deposit_Count | O1: Fif_K_Deposit_Count | P1: Total_Weighted_Conversion | Q1: Deposit% | R1: Deposit_Comission | S1: Total_Day_Incentive | T1: Total_Comission | U1: QA | V1: Conversion_Score | W1: Referral_Score | X1: QA_Score | Y1: Call_Tagging_Accuracy | Z1: Tagging_Score | AA1: Deposit_Score | AB1: Avg_Total_Dials | AC1: Avg_Unique_Dials | AD1: Unique_Dials_Score | AE1: Avg_Dial_Score | AF1: Total_KPI_Score | AG1: KPI_Payout | AH1: KPI Eligibility | AI1: Conversion ELigibility | AJ1: Referral Eligibility | AK1: Final Eligibility | AL1: Sop Errors | AM1: Final Payout
A2: waman@nexora.live | B2: E-1252 | C2: Saif | D2: 1 | E2: 120 | F2: 96 | G2: 20 | H2: 112 | I2: 93.33 | J2: 40 | K2: MAIN WEBSITE (HOT): 68, Referral (HOT): 40, MAIN WEBSITE (HOT) 1: 2, Direct (HOT): 1 | L2: 560035 | M2: 539634 | N2: 18 | O2: 16 | P2: 193 | Q2: 16.07 | R2: 8400.53 | S2: 600 | T2: 18320.53 | U2: 0.86 | V2: 35 | W2: 40 | X2: 15 | Y2: 0.92 | Z2: 20 | AA2: 40 | AB2: 209.12 | AC2: 163.32 | AD2: 40 | AE2: 0 | AF2: 190 | AG2: 34809.007 | AH2: ELIGIBLE | AI2: ELIGIBLE | AJ2: ELIGIBLE | AK2: ELIGIBLE | AL2: 19 | AM2: 32909
A3: nitish@nexora.live | B3: E-2238 | C3: Saif | D3: OJT 3 | E3: 15 | F3: 12 | G3: 3 | H3: 1 | I3: 6.67 | J3: 0 | K3: MAIN WEBSITE (HOT): 1 | L3: 0 | M3: 0 | N3: 0 | O3: 0 | P3: 1 | Q3: 0 | R3: 0 | S3: 0 | T3: 2840 | U3: 0.47 | V3: 0 | W3: 0 | X3: 20 | Z3: 15 | AA3: 0 | AB3: 243.17 | AC3: 200.46 | AD3: 30 | AE3: 20 | AF3: 85 | AG3: 2414 | AH3: NOT ELIGIBLE | AI3: NOT ELIGIBLE | AJ3: NOT ELIGIBLE | AK3: NOT ELIGIBLE | AL3: 0 | AM3: 2414
A4: prince@nexora.live | B4: E-1255 | C4: Saif | D4: 1 | E4: 120 | F4: 96 | G4: 20 | H4: 133 | I4: 110.83 | J4: 40 | K4: MAIN WEBSITE (HOT): 72, Referral (HOT): 40, MAIN WEBSITE (HOT) 1: 12, META2: 4, SUNIL: 1, PRS: 1, META3: 1, Instagram: 1, Telegram: 1 | L4: 302085 | M4: 302085 | N4: 10 | O4: 10 | P4: 225 | Q4: 7.52 | R4: 4531.28 | S4: 1800 | T4: 17571.28 | U4: 0.99 | V4: 40 | W4: 40 | X4: 15 | Y4: 0.97 | Z4: 20 | AA4: 0 | AB4: 226.92 | AC4: 191.33 | AD4: 40 | AE4: 0 | AF4: 155 | AG4: 27235.484 | AH4: ELIGIBLE | AI4: ELIGIBLE | AJ4: ELIGIBLE | AK4: ELIGIBLE | AL4: 3 | AM4: 26935
A5: akhil@nexora.live | B5: E-2239 | C5: Saif | D5: OJT 3 | E5: 15 | F5: 12 | G5: 3 | H5: 1 | I5: 6.67 | J5: 1 | K5: Referral (HOT): 1 | L5: 0 | M5: 0 | N5: 0 | O5: 0 | P5: 3 | Q5: 0 | R5: 0 | S5: 0 | T5: 2960 | U5: 0.42 | V5: 0 | W5: 15 | X5: 20 | Z5: 15 | AA5: 0 | AB5: 241.78 | AC5: 203.74 | AD5: 30 | AE5: 20 | AF5: 100 | AG5: 2960 | AH5: NOT ELIGIBLE | AI5: NOT ELIGIBLE | AJ5: NOT ELIGIBLE | AK5: NOT ELIGIBLE | AL5: 0 | AM5: 2960
A6: sumanth@nexora.live | B6: E-2241 | C6: Saif | D6: OJT 3 | E6: 15 | F6: 12 | G6: 3 | H6: 2 | I6: 13.33 | J6: 0 | K6: META3: 1, META2: 1 | L6: 0 | M6: 0 | N6: 0 | O6: 0 | P6: 6 | Q6: 0 | R6: 0 | S6: 0 | T6: 3140 | U6: 0.69 | V6: 0 | W6: 0 | X6: 20 | Z6: 15 | AA6: 0 | AB6: 257.68 | AC6: 166.84 | AD6: 20 | AE6: 30 | AF6: 85 | AG6: 2669 | AH6: NOT ELIGIBLE | AI6: NOT ELIGIBLE | AJ6: NOT ELIGIBLE | AK6: NOT ELIGIBLE | AL6: 0 | AM6: 2669
A7: divya.d@nexora.live | B7: E-2236 | C7: Saif | D7: OJT 3 | E7: 15 | F7: 12 | G7: 3 | H7: 6 | I7: 40 | J7: 1 | K7: MAIN WEBSITE (HOT): 3, Referral (HOT): 1, META3: 1, META2: 1 | L7: 0 | M7: 0 | N7: 0 | O7: 0 | P7: 12 | Q7: 0 | R7: 0 | S7: 0 | T7: 3500 | U7: 0.43 | V7: 0 | W7: 15 | X7: 20 | Z7: 15 | AA7: 0 | AB7: 279 | AC7: 209.88 | AD7: 30 | AE7: 30 | AF7: 110 | AG7: 3850 | AH7: NOT ELIGIBLE | AI7: NOT ELIGIBLE | AJ7: NOT ELIGIBLE | AK7: NOT ELIGIBLE | AL7: 1 | AM7: 3800
A8: nair@nexora.live | B8: E-1706 | C8: Saif | D8: 1 | E8: 120 | F8: 96 | G8: 20 | H8: 94 | I8: 78.33 | J8: 21 | K8: MAIN WEBSITE (HOT): 71, Referral (HOT): 21, MAIN WEBSITE (HOT) 1: 2 | L8: 480000 | M8: 406000 | N8: 16 | O8: 10 | P8: 136 | Q8: 17.02 | R8: 7200 | S8: 600 | T8: 13700 | U8: 0.92 | V8: 0 | W8: 20 | X8: 15 | Y8: 0.92 | Z8: 20 | AA8: 40 | AB8: 196.8 | AC8: 161.32 | AD8: 40 | AE8: 0 | AF8: 135 | AG8: 18495 | AH8: ELIGIBLE | AI8: NOT ELIGIBLE | AJ8: ELIGIBLE | AK8: NOT ELIGIBLE | AL8: 12 | AM8: 17895
A9: ashpreet.k@nexora.live | B9: E-1069 | C9: Saif | D9: Welcome Calling | E9: 15 | F9: 12 | G9: 3 | V9: 0 | W9: 0 | X9: 0 | Z9: 15 | AA9: 0 | AB9: 315.04 | AC9: 107.71 | AD9: 0 | AE9: 0 | AF9: 15 | AH9: NOT ELIGIBLE | AI9: NOT ELIGIBLE | AJ9: NOT ELIGIBLE | AK9: NOT ELIGIBLE | AL9: 0 | AM9: 0
A10: ashutosh@nexora.live | B10: E-1253 | C10: Saif | D10: 1 | E10: 120 | F10: 96 | G10: 20 | H10: 132 | I10: 110 | J10: 49 | K10: MAIN WEBSITE (HOT): 78, Referral (HOT): 49, META3: 2, Telegram ads: 1, 5709596000234224216: 1, Direct (HOT): 1 | L10: 444980 | M10: 333369 | N10: 18 | O10: 10 | P10: 236 | Q10: 13.64 | R10: 6674.7 | S10: 1500 | T10: 20074.7 | U10: 0.91 | V10: 40 | W10: 40 | X10: 15 | Y10: 0.89 | Z10: 20 | AA10: 25 | AB10: 171 | AC10: 127.04 | AD10: 30 | AE10: 0 | AF10: 170 | AG10: 34126.99 | AH10: ELIGIBLE | AI10: ELIGIBLE | AJ10: ELIGIBLE | AK10: ELIGIBLE | AL10: 14 | AM10: 32727
A11: sushil@nexora.live | B11: E-1668 | C11: Saif | D11: 1 | E11: 120 | F11: 96 | G11: 20 | H11: 88 | I11: 73.33 | J11: 29 | K11: MAIN WEBSITE (HOT): 50, Referral (HOT): 29, MAIN WEBSITE (HOT) 1: 4, META6: 2, META3: 1, META2: 1, Telegram: 1 | L11: 601900 | M11: 521900 | N11: 20 | O11: 14 | P11: 151 | Q11: 22.73 | R11: 9028.5 | S11: 700 | T11: 16528.5 | U11: 0.99 | V11: 0 | W11: 20 | X11: 15 | Y11: 0.83 | Z11: 20 | AA11: 45 | AB11: 269.88 | AC11: 224.56 | AD11: 40 | AE11: 0 | AF11: 140 | AG11: 23139.9 | AH11: ELIGIBLE | AI11: NOT ELIGIBLE | AJ11: ELIGIBLE | AK11: NOT ELIGIBLE | AL11: 2 | AM11: 23039.9
A12: deepraj@nexora.live | B12: E-2237 | C12: Saif | D12: OJT 3 | E12: 15 | F12: 12 | G12: 3 | H12: 3 | I12: 20 | J12: 0 | K12: MAIN WEBSITE (HOT): 2, META3: 1 | L12: 0 | M12: 0 | N12: 0 | O12: 0 | P12: 5 | Q12: 0 | R12: 0 | S12: 0 | T12: 3080 | U12: 0.42 | V12: 0 | W12: 0 | X12: 20 | Z12: 15 | AA12: 0 | AB12: 267.24 | AC12: 168.4 | AD12: 20 | AE12: 30 | AF12: 85 | AG12: 2618 | AH12: NOT ELIGIBLE | AI12: NOT ELIGIBLE | AJ12: NOT ELIGIBLE | AK12: NOT ELIGIBLE | AL12: 1 | AM12: 2568
A13: sushma@nexora.live | B13: E-2235 | C13: Saif | D13: OJT 3 | E13: 15 | F13: 12 | G13: 3 | H13: 7 | I13: 46.67 | J13: 1 | K13: MAIN WEBSITE (HOT): 5, Referral (HOT): 1, APPLICATION: 1 | L13: 0 | M13: 0 | N13: 0 | O13: 0 | P13: 9 | Q13: 0 | R13: 0 | S13: 0 | T13: 3320 | U13: 0.35 | V13: 0 | W13: 15 | X13: 20 | Z13: 15 | AA13: 0 | AB13: 235.88 | AC13: 198.04 | AD13: 30 | AE13: 20 | AF13: 100 | AG13: 3320 | AH13: NOT ELIGIBLE | AI13: NOT ELIGIBLE | AJ13: NOT ELIGIBLE | AK13: NOT ELIGIBLE | AL13: 2 | AM13: 3220
A14: monika@nexora.live | B14: E-1251 | C14: Saif | D14: 1 | E14: 120 | F14: 96 | G14: 20 | H14: 98 | I14: 81.67 | J14: 18 | K14: MAIN WEBSITE (HOT): 76, Referral (HOT): 18, MAIN WEBSITE (HOT) 1: 4 | L14: 736709 | M14: 671609 | N14: 19 | O14: 14 | P14: 134 | Q14: 19.39 | R14: 11050.64 | S14: 1200 | T14: 18030.64 | U14: 0.78 | V14: 20 | W14: 0 | X14: 15 | Y14: 0.93 | Z14: 20 | AA14: 40 | AB14: 224.33 | AC14: 190.13 | AD14: 40 | AE14: 0 | AF14: 135 | AG14: 24341.364 | AH14: ELIGIBLE | AI14: ELIGIBLE | AJ14: NOT ELIGIBLE | AK14: NOT ELIGIBLE | AL14: 11 | AM14: 23791.364
A15: irfan@nexora.live | B15: E-1656 | C15: Rehan | D15: Meta | E15: 45 | F15: 36 | G15: 12 | H15: 40 | I15: 88.89 | J15: 10 | K15: Referral (HOT): 10, META6: 8, Meta6: 6, MAIN WEBSITE (HOT): 5, MAIN WEBSITE (HOT) 1: 2, META3: 2, META-E: 1, DV1: 1, Instagram: 1, Meta(Murtaza-E): 1, Meta-T: 1, APPLICATION: 1, Telegram ads: 1 | L15: 0 | M15: 0 | N15: 0 | O15: 0 | P15: 73 | Q15: 0 | R15: 0 | S15: 400 | T15: 6120 | U15: 0.92 | V15: 35 | W15: 20 | X15: 15 | Y15: 0.89 | Z15: 20 | AA15: 0 | AB15: 200.96 | AC15: 165.79 | AD15: 45 | AE15: 0 | AF15: 135 | AG15: 8262 | AH15: ELIGIBLE | AI15: ELIGIBLE | AJ15: NOT ELIGIBLE | AK15: NOT ELIGIBLE | AL15: 4 | AM15: 8062
A16: ankita@nexora.live | B16: E-1678 | C16: Rehan | D16: Meta | E16: 28 | F16: 22 | G16: 4 | H16: 18 | I16: 64.29 | J16: 2 | K16: MAIN WEBSITE (HOT): 5, META3: 3, Meta6: 3, Referral (HOT): 2, Invst (HOT): 1, PRS: 1, NHL: 1, META6: 1, Premium: 1 | L16: 70000 | M16: 70000 | N16: 2 | O16: 2 | P16: 30 | Q16: 11.11 | R16: 1050 | S16: 0 | T16: 5030 | U16: 0.98 | V16: 0 | W16: 0 | X16: 15 | Y16: 0.91 | Z16: 20 | AA16: 40 | AB16: 273.38 | AC16: 182.54 | AD16: 45 | AE16: 0 | AF16: 120 | AG16: 6036 | AH16: ELIGIBLE | AI16: NOT ELIGIBLE | AJ16: NOT ELIGIBLE | AK16: NOT ELIGIBLE | AL16: 15 | AM16: 5286
A17: haresh@nexora.live | B17: E-2116 | C17: Rehan | D17: Meta | E17: 45 | F17: 36 | G17: 12 | H17: 49 | I17: 108.89 | J17: 22 | K17: Referral (HOT): 22, Meta6: 7, META3: 4, META6: 4, Telegram: 2, Telegram ads: 2, MAIN WEBSITE (HOT): 2, STOCKMEME: 1, META2: 1, Premium: 1, Meta Lookalike: 1, Telegram ads (redirect): 1, Meta Crypto: 1 | L17: 76000 | M17: 50000 | N17: 3 | O17: 1 | P17: 114 | Q17: 6.12 | R17: 1140 | S17: 1900 | T17: 11220 | U17: 0.99 | V17: 40 | W17: 40 | X17: 15 | Z17: 15 | AA17: 25 | AB17: 168.14 | AC17: 121.5 | AD17: 15 | AE17: 0 | AF17: 150 | AG17: 16830 | AH17: ELIGIBLE | AI17: ELIGIBLE | AJ17: ELIGIBLE | AK17: ELIGIBLE | AL17: 0 | AM17: 16830
A18: abhishek.k@nexora.live | B18: E-1266 | C18: Rehan | D18: Meta | E18: 45 | F18: 36 | G18: 12 | H18: 35 | I18: 77.78 | J18: 16 | K18: Referral (HOT): 16, MAIN WEBSITE (HOT): 5, META6: 4, META3: 3, Meta6: 3, Instagram: 1, Telegram ads: 1, Telegram ads (redirect): 1, MAIN WEBSITE (HOT) 1: 1 | L18: 94783 | M18: 81482 | N18: 4 | O18: 3 | P18: 76 | Q18: 11.43 | R18: 1421.75 | S18: 0 | T18: 7321.75 | U18: 0.7 | V18: 0 | W18: 40 | X18: 15 | Y18: 0.92 | Z18: 20 | AA18: 40 | AB18: 234.52 | AC18: 169.36 | AD18: 45 | AE18: 0 | AF18: 160 | AG18: 11714.8 | AH18: ELIGIBLE | AI18: NOT ELIGIBLE | AJ18: ELIGIBLE | AK18: NOT ELIGIBLE | AL18: 13 | AM18: 11064.8
A19: shambu@nexora.live | B19: E-1913 | C19: Rehan | D19: Meta | E19: 45 | F19: 36 | G19: 12 | H19: 33 | I19: 73.33 | J19: 7 | K19: Referral (HOT): 7, Meta6: 7, MAIN WEBSITE (HOT): 6, META3: 5, Telegram ads: 4, Meta Crypto: 1, YouTube: 1, Meta(Murtaza2): 1, Telegram: 1 | L19: 30000 | M19: 30000 | N19: 1 | O19: 1 | P19: 67 | Q19: 3.03 | R19: 450 | S19: 0 | T19: 5810 | U19: 0.9 | V19: 0 | W19: 0 | X19: 15 | Y19: 0.89 | Z19: 20 | AA19: 0 | AB19: 238.23 | AC19: 175.19 | AD19: 45 | AE19: 0 | AF19: 80 | AG19: 4648 | AH19: NOT ELIGIBLE | AI19: NOT ELIGIBLE | AJ19: NOT ELIGIBLE | AK19: NOT ELIGIBLE | AL19: 1 | AM19: 4598
A20: amrit@nexora.live | B20: E-2115 | C20: Rehan | D20: Meta | E20: 45 | F20: 36 | G20: 12 | H20: 3 | I20: 6.67 | J20: 1 | K20: Meta6: 2, Referral (HOT): 1 | L20: 0 | M20: 0 | N20: 0 | O20: 0 | P20: 5 | Q20: 0 | R20: 0 | S20: 0 | T20: 1640 | U20: 0.62 | V20: 0 | W20: 0 | X20: 15 | Z20: 15 | AA20: 0 | AB20: 192.67 | AC20: 149.67 | AD20: 30 | AE20: 0 | AF20: 60 | AG20: 984 | AH20: NOT ELIGIBLE | AI20: NOT ELIGIBLE | AJ20: NOT ELIGIBLE | AK20: NOT ELIGIBLE | AL20: 0 | AM20: 984
A21: fahrukh@nexora.live | B21: E-1689 | C21: Rehan | D21: Meta | E21: 45 | F21: 36 | G21: 12 | H21: 25 | I21: 55.56 | J21: 3 | K21: Meta6: 8, MAIN WEBSITE (HOT): 4, META6: 3, Referral (HOT): 3, Telegram ads: 3, META3: 2, MAIN WEBSITE (HOT) C: 1, Premium: 1 | L21: 180126 | M21: 165126 | N21: 3 | O21: 2 | P21: 39 | Q21: 12 | R21: 2701.89 | S21: 0 | T21: 6381.89 | U21: 0.85 | V21: 0 | W21: 0 | X21: 15 | Y21: 0.9 | Z21: 20 | AA21: 40 | AB21: 187.58 | AC21: 142.13 | AD21: 30 | AE21: 0 | AF21: 105 | AG21: 6700.9845 | AH21: NOT ELIGIBLE | AI21: NOT ELIGIBLE | AJ21: NOT ELIGIBLE | AK21: NOT ELIGIBLE | AL21: 8 | AM21: 6300.9845
A22: sachin.g@nexora.live | B22: E-1261 | C22: Rehan | D22: Meta | E22: 45 | F22: 36 | G22: 12 | H22: 41 | I22: 91.11 | J22: 13 | K22: Referral (HOT): 13, Meta6: 9, META6: 7, MAIN WEBSITE (HOT): 5, Telegram: 3, META3: 1, MAIN WEBSITE (HOT) 1: 1, Telegram ads: 1, Meta ads (Jay): 1 | L22: 13600 | M22: 0 | N22: 1 | O22: 0 | P22: 75 | Q22: 2.44 | R22: 204 | S22: 1100 | T22: 7144 | U22: 0.99 | V22: 35 | W22: 30 | X22: 15 | Y22: 0.95 | Z22: 20 | AA22: 0 | AB22: 267.21 | AC22: 204.5 | AD22: 45 | AE22: 0 | AF22: 145 | AG22: 10358.8 | AH22: ELIGIBLE | AI22: ELIGIBLE | AJ22: ELIGIBLE | AK22: ELIGIBLE | AL22: 1 | AM22: 10259
A23: mitali@nexora.live | B23: E-1717 | C23: Rehan | D23: Meta | E23: 28 | F23: 22 | G23: 4 | H23: 22 | I23: 78.57 | J23: 4 | K23: MAIN WEBSITE (HOT): 8, Referral (HOT): 4, Meta6: 3, META6: 3, Telegram: 1, Meta Crypto: 1, STOCKMEME: 1, MAIN WEBSITE (HOT) 1: 1 | L23: 95000 | M23: 80000 | N23: 2 | O23: 1 | P23: 34 | Q23: 9.09 | R23: 1425 | S23: 0 | T23: 5645 | U23: 0.9 | V23: 0 | W23: 0 | X23: 15 | Y23: 0.94 | Z23: 20 | AA23: 25 | AB23: 266.35 | AC23: 240.38 | AD23: 45 | AE23: 0 | AF23: 105 | AG23: 5927.25 | AH23: NOT ELIGIBLE | AI23: ELIGIBLE | AJ23: ELIGIBLE | AK23: NOT ELIGIBLE | AL23: 1 | AM23: 5877.25
A24: shambu@nexora.live | B24: E-1913 | C24: Rehan | D24: Meta | E24: 45 | F24: 36 | G24: 12 | H24: 33 | I24: 73.33 | J24: 7 | K24: Referral (HOT): 7, Meta6: 7, MAIN WEBSITE (HOT): 6, META3: 5, Telegram ads: 4, Meta Crypto: 1, YouTube: 1, Meta(Murtaza2): 1, Telegram: 1 | L24: 30000 | M24: 30000 | N24: 1 | O24: 1 | P24: 67 | Q24: 3.03 | R24: 450 | S24: 0 | T24: 5810 | U24: 0.9 | V24: 0 | W24: 0 | X24: 15 | Y24: 0 | Z24: 0 | AA24: 0 | AB24: 238.23 | AC24: 175.19 | AD24: 45 | AE24: 0 | AF24: 60 | AG24: 3486 | AH24: NOT ELIGIBLE | AI24: NOT ELIGIBLE | AJ24: NOT ELIGIBLE | AK24: NOT ELIGIBLE | AL24: 1 | AM24: 3436
A25: anjali@nexora.live | B25: E-1673 | C25: Rehan | D25: Meta | E25: 28 | F25: 22 | G25: 4 | H25: 38 | I25: 135.71 | J25: 3 | K25: MAIN WEBSITE (HOT): 17, META6: 8, MAIN WEBSITE (HOT) 1: 3, Referral (HOT): 3, Meta6: 3, Direct (HOT): 2, OTH: 1, META3: 1 | L25: 114300 | M25: 92000 | N25: 6 | O25: 4 | P25: 47 | Q25: 15.79 | R25: 1714.5 | S25: 400 | T25: 7114.5 | U25: 0.98 | V25: 40 | W25: 0 | X25: 15 | Y25: 0.96 | Z25: 20 | AA25: 45 | AB25: 247.19 | AC25: 185.3 | AD25: 45 | AE25: 0 | AF25: 165 | AG25: 11738.925 | AH25: ELIGIBLE | AI25: ELIGIBLE | AJ25: NOT ELIGIBLE | AK25: NOT ELIGIBLE | AL25: 5 | AM25: 11488.925
A26: chandan.y@nexora.live | B26: E-1274 | C26: Rehan | D26: Meta | E26: 45 | F26: 36 | G26: 12 | H26: 27 | I26: 60 | J26: 10 | K26: Referral (HOT): 10, Meta6: 6, META6: 4, Telegram ads: 2, META3: 2, Telegram ads (redirect): 1, MAIN WEBSITE (HOT): 1, META2: 1 | L26: 131000 | M26: 131000 | N26: 4 | O26: 4 | P26: 56 | Q26: 14.81 | R26: 1965 | S26: 0 | T26: 6665 | U26: 0.83 | V26: 0 | W26: 20 | X26: 15 | Y26: 0.86 | Z26: 20 | AA26: 45 | AB26: 136.84 | AC26: 108.6 | AD26: 15 | AE26: 0 | AF26: 115 | AG26: 7664.75 | AH26: ELIGIBLE | AI26: NOT ELIGIBLE | AJ26: NOT ELIGIBLE | AK26: NOT ELIGIBLE | AL26: 3 | AM26: 7514.75
A27: ritesh@nexora.live | B27: E-1832 | C27: Rehan | D27: Meta | E27: 45 | F27: 36 | G27: 12 | H27: 15 | I27: 33.33 | J27: 1 | K27: META6: 3, META3: 3, MAIN WEBSITE (HOT): 3, Meta6: 3, Telegram: 1, Referral (HOT): 1, META2: 1 | L27: 25000 | M27: 25000 | N27: 1 | O27: 1 | P27: 26 | Q27: 6.67 | R27: 375 | S27: 0 | T27: 3275 | U27: 0.9 | V27: 0 | W27: 0 | X27: 15 | Y27: 1 | Z27: 20 | AA27: 25 | AB27: 241.63 | AC27: 191.63 | AD27: 45 | AE27: 0 | AF27: 105 | AG27: 3438.75 | AH27: NOT ELIGIBLE | AI27: NOT ELIGIBLE | AJ27: NOT ELIGIBLE | AK27: NOT ELIGIBLE | AL27: 2 | AM27: 3338.75
A28: kawaljit.k@nexora.live | B28: E- 1237 | C28: Rehan | D28: Meta | E28: 45 | F28: 36 | G28: 12 | H28: 61 | I28: 135.56 | J28: 20 | K28: Referral (HOT): 20, Meta6: 10, META6: 8, MAIN WEBSITE (HOT): 7, META3: 6, Telegram ads: 2, Premium: 1, APPLICATION: 1, Telegram: 1, MC: 1, META2: 1, Meta(Murtaza-E): 1, Instagram: 1, MAIN WEBSITE (HOT) 1: 1 | L28: 50162 | M28: 25000 | N28: 3 | O28: 1 | P28: 123 | Q28: 4.92 | R28: 752.43 | S28: 3100 | T28: 12572.43 | U28: 0.91 | V28: 40 | W28: 40 | X28: 15 | Z28: 15 | AA28: 25 | AB28: 230.33 | AC28: 178.63 | AD28: 45 | AE28: 0 | AF28: 180 | AG28: 22630.374 | AH28: ELIGIBLE | AI28: ELIGIBLE | AJ28: ELIGIBLE | AK28: ELIGIBLE | AL28: 0 | AM28: 22630
A29: riddhi@nexora.live | B29: E-1821 | C29: Rehan | D29: Meta | E29: 45 | F29: 36 | G29: 12 | H29: 20 | I29: 44.44 | J29: 4 | K29: Meta6: 6, Referral (HOT): 4, MAIN WEBSITE (HOT): 3, META6: 3, Telegram ads: 2, Meta ads (Jay): 1, META3: 1 | L29: 90400 | M29: 90400 | N29: 3 | O29: 3 | P29: 34 | Q29: 15 | R29: 1356 | S29: 400 | T29: 5136 | U29: 0.98 | V29: 0 | W29: 0 | X29: 15 | Y29: 0.91 | Z29: 20 | AA29: 45 | AB29: 286.25 | AC29: 236.2 | AD29: 45 | AE29: 0 | AF29: 125 | AG29: 6420 | AH29: ELIGIBLE | AI29: NOT ELIGIBLE | AJ29: NOT ELIGIBLE | AK29: NOT ELIGIBLE | AL29: 5 | AM29: 6170
A30: ritesh@nexora.live | B30: E-1832 | C30: Rehan | D30: Meta | E30: 45 | F30: 36 | G30: 12 | H30: 15 | I30: 33.33 | J30: 1 | K30: META6: 3, META3: 3, MAIN WEBSITE (HOT): 3, Meta6: 3, Telegram: 1, Referral (HOT): 1, META2: 1 | L30: 25000 | M30: 25000 | N30: 1 | O30: 1 | P30: 26 | Q30: 6.67 | R30: 375 | S30: 0 | T30: 3275 | U30: 0.9 | V30: 0 | W30: 0 | X30: 15 | Y30: 0.87 | Z30: 20 | AA30: 25 | AB30: 241.63 | AC30: 191.63 | AD30: 45 | AE30: 0 | AF30: 105 | AG30: 3438.75 | AH30: NOT ELIGIBLE | AI30: NOT ELIGIBLE | AJ30: NOT ELIGIBLE | AK30: NOT ELIGIBLE | AL30: 2 | AM30: 3338.75
A31: saurabh.s@nexora.live | B31: E-1817 | C31: Rehan | D31: Meta | E31: 45 | F31: 36 | G31: 12 | H31: 25 | I31: 55.56 | J31: 4 | K31: Meta6: 5, Referral (HOT): 4, META3: 4, MAIN WEBSITE (HOT): 3, META6: 3, Telegram: 2, Meta ads (Jay): 1, PRS: 1, Telegram ads: 1, MAIN WEBSITE (HOT) 1: 1 | L31: 30118 | M31: 20000 | N31: 2 | O31: 1 | P31: 46 | Q31: 8 | R31: 451.77 | S31: 400 | T31: 4951.77 | U31: 0.85 | V31: 0 | W31: 0 | X31: 15 | Y31: 0.98 | Z31: 20 | AA31: 25 | AB31: 150.08 | AC31: 103 | AD31: 15 | AE31: 0 | AF31: 75 | AG31: 3713.8275 | AH31: NOT ELIGIBLE | AI31: NOT ELIGIBLE | AJ31: NOT ELIGIBLE | AK31: NOT ELIGIBLE | AL31: 17 | AM31: 2863.8275
A32: deepa.negi@nexora.live | B32: E-1443 | C32: Rehan | D32: Meta | E32: 45 | F32: 36 | G32: 12 | H32: 27 | I32: 60 | J32: 9 | K32: Referral (HOT): 9, MAIN WEBSITE (HOT): 5, META6: 4, Meta6: 2, META3: 1, META2: 1, MAIN WEBSITE (HOT) 1: 1, Instagram: 1, MAIN WEBSITE: 1, Telegram ads (redirect): 1 | L32: 45800 | M32: 33300 | N32: 3 | O32: 2 | P32: 52 | Q32: 11.11 | R32: 687 | S32: 400 | T32: 5547 | U32: 0.92 | V32: 0 | W32: 20 | X32: 15 | Z32: 15 | AA32: 40 | AB32: 232.64 | AC32: 161.76 | AD32: 45 | AE32: 0 | AF32: 135 | AG32: 7488.45 | AH32: ELIGIBLE | AI32: NOT ELIGIBLE | AJ32: NOT ELIGIBLE | AK32: NOT ELIGIBLE | AL32: 0 | AM32: 7488.45
A33: adharv@nexora.live | B33: E-1460 | C33: Roshni | D33: Dialer | E33: 28 | F33: 22 | G33: 5 | H33: 25 | I33: 89.29 | J33: 7 | K33: Referral (HOT): 7, MAIN WEBSITE (HOT): 7, MAIN WEBSITE (HOT) 1: 3, META3: 3, META6: 3, Meta Crypto: 1 | L33: 20000 | M33: 20000 | N33: 1 | O33: 1 | P33: 48 | Q33: 4 | R33: 300 | S33: 1500 | T33: 6860 | U33: 0.91 | V33: 40 | W33: 25 | X33: 20 | Y33: 1 | Z33: 20 | AA33: 20 | AB33: 234.76 | AC33: 152.8 | AD33: 10 | AE33: 20 | AF33: 155 | AG33: 10633 | AH33: ELIGIBLE | AI33: ELIGIBLE | AJ33: ELIGIBLE | AK33: ELIGIBLE | AL33: 0 | AM33: 10633
A34: sandeep@nexora.live | B34: E-1910 | C34: Roshni | D34: Dialer | E34: 26 | F34: 21 | G34: 5 | H34: 29 | I34: 111.54 | J34: 15 | K34: Referral (HOT): 15, MAIN WEBSITE (HOT): 6, META6: 4, META3: 3, Telegram: 1 | L34: 78000 | M34: 78000 | N34: 2 | O34: 2 | P34: 66 | Q34: 6.9 | R34: 1170 | S34: 2200 | T34: 9570 | U34: 0.75 | V34: 45 | W34: 25 | X34: 20 | Y34: 0.8 | Z34: 20 | AA34: 25 | AB34: 270.48 | AC34: 236.35 | AD34: 30 | AE34: 30 | AF34: 195 | AG34: 18661.5 | AH34: ELIGIBLE | AI34: ELIGIBLE | AJ34: ELIGIBLE | AK34: ELIGIBLE | AL34: 0 | AM34: 18662
A35: oreen@nexora.live | B35: E-2216 | C35: Roshni | D35: OJT 2 | E35: 15 | F35: 12 | G35: 3 | H35: 7 | I35: 46.67 | J35: 0 | K35: MAIN WEBSITE (HOT): 3, Premium: 1, Telegram: 1, META3: 1, META6: 1 | L35: 0 | M35: 0 | N35: 0 | O35: 0 | P35: 11 | Q35: 0 | R35: 0 | S35: 0 | T35: 3440 | U35: 0.95 | V35: 0 | W35: 0 | X35: 20 | Z35: 15 | AA35: 0 | AB35: 187.46 | AC35: 166.5 | AD35: 20 | AE35: 0 | AF35: 55 | AG35: 1892 | AH35: NOT ELIGIBLE | AI35: NOT ELIGIBLE | AJ35: NOT ELIGIBLE | AK35: NOT ELIGIBLE | AL35: 0 | AM35: 1892
A36: suresh@nexora.live | B36: E-1900 | C36: Roshni | D36: Dialer | E36: 26 | F36: 21 | G36: 5 | H36: 17 | I36: 65.38 | J36: 3 | K36: MAIN WEBSITE (HOT): 8, META6: 3, Referral (HOT): 3, META3: 1, META-E: 1, APPLICATION: 1 | L36: 22000 | M36: 22000 | N36: 1 | O36: 1 | P36: 27 | Q36: 5.88 | R36: 330 | S36: 0 | T36: 4190 | U36: 0.7 | V36: 0 | W36: 20 | X36: 20 | Y36: 1 | Z36: 20 | AA36: 25 | AB36: 253.2 | AC36: 220.24 | AD36: 30 | AE36: 30 | AF36: 145 | AG36: 6075.5 | AH36: ELIGIBLE | AI36: NOT ELIGIBLE | AJ36: NOT ELIGIBLE | AK36: NOT ELIGIBLE | AL36: 0 | AM36: 6075.5
A37: sana@nexora.live | B37: E-2130 | C37: Roshni | D37: OJT 1 | E37: 26 | F37: 21 | G37: 3 | H37: 11 | I37: 42.31 | J37: 2 | K37: MAIN WEBSITE (HOT): 6, Referral (HOT): 2, META3: 2, Telegram ads: 1 | L37: 0 | M37: 0 | N37: 0 | O37: 0 | P37: 20 | Q37: 0 | R37: 0 | S37: 0 | T37: 3440 | U37: 0.96 | V37: 0 | W37: 15 | X37: 20 | Z37: 15 | AA37: 0 | AB37: 298.81 | AC37: 267.48 | AD37: 30 | AE37: 35 | AF37: 115 | AG37: 3956 | AH37: ELIGIBLE | AI37: NOT ELIGIBLE | AJ37: NOT ELIGIBLE | AK37: NOT ELIGIBLE | AL37: 1 | AM37: 3906
A38: aslam.k@nexora.live | B38: E-1875 | C38: Roshni | D38: Dialer | E38: 26 | F38: 21 | G38: 5 | H38: 15 | I38: 57.69 | J38: 3 | K38: MAIN WEBSITE (HOT): 7, Referral (HOT): 3, META3: 3, META6: 2 | L38: 151000 | M38: 151000 | N38: 2 | O38: 2 | P38: 27 | Q38: 13.33 | R38: 2265 | S38: 500 | T38: 6625 | U38: 0.78 | V38: 0 | W38: 20 | X38: 20 | Y38: 1 | Z38: 20 | AA38: 25 | AB38: 223.55 | AC38: 199.68 | AD38: 30 | AE38: 0 | AF38: 115 | AG38: 7618.75 | AH38: ELIGIBLE | AI38: NOT ELIGIBLE | AJ38: NOT ELIGIBLE | AK38: NOT ELIGIBLE | AL38: 0 | AM38: 7618.75
A39: ishika@nexora.live | B39: E-2208 | C39: Roshni | D39: OJT 2 | E39: 26 | F39: 21 | G39: 3 | H39: 11 | I39: 42.31 | J39: 1 | K39: MAIN WEBSITE (HOT): 5, MAIN WEBSITE (HOT) 1: 2, Instagram: 2, Telegram: 1, Referral (HOT): 1 | L39: 0 | M39: 0 | N39: 0 | O39: 0 | P39: 16 | Q39: 0 | R39: 0 | S39: 500 | T39: 3700 | U39: 0.9 | V39: 0 | W39: 15 | X39: 20 | Z39: 15 | AA39: 0 | AB39: 214.25 | AC39: 189.25 | AD39: 30 | AE39: 0 | AF39: 80 | AG39: 2960 | AH39: NOT ELIGIBLE | AI39: NOT ELIGIBLE | AJ39: NOT ELIGIBLE | AK39: NOT ELIGIBLE | AL39: 0 | AM39: 2960
A40: sangita.m@nexora.live | B40: E-1284 | C40: Roshni | D40: Dialer | E40: 28 | F40: 22 | G40: 5 | H40: 29 | I40: 103.57 | J40: 6 | K40: MAIN WEBSITE (HOT): 10, Referral (HOT): 6, META6: 5, Telegram ads: 1, MAIN WEBSITE (HOT) 1: 1, META-E: 1, META-AD: 1, META2: 1, Telegram: 1, Goyal: 1, META3: 1 | L40: 12000 | M40: 0 | N40: 1 | O40: 0 | P40: 52 | Q40: 3.45 | R40: 180 | S40: 2000 | T40: 7480 | U40: 0.98 | V40: 45 | W40: 25 | X40: 20 | Y40: 0.67 | Z40: 20 | AA40: 20 | AB40: 262.08 | AC40: 210.12 | AD40: 30 | AE40: 30 | AF40: 190 | AG40: 14212 | AH40: ELIGIBLE | AI40: ELIGIBLE | AJ40: ELIGIBLE | AK40: ELIGIBLE | AL40: 1 | AM40: 14112
A41: alina@nexora.live | B41: E-2135 | C41: Roshni | D41: OJT 1 | E41: 26 | F41: 21 | G41: 3 | H41: 18 | I41: 69.23 | J41: 1 | K41: META3: 5, MAIN WEBSITE (HOT): 3, META6: 3, MAIN WEBSITE (HOT) 1: 1, Referral (HOT): 1, META2: 1, Meta Lookalike: 1, Premium: 1, NHL: 1, Meta Crypto: 1 | L41: 18000 | M41: 18000 | N41: 1 | O41: 1 | P41: 38 | Q41: 5.56 | R41: 270 | S41: 1000 | T41: 5790 | U41: 0.91 | V41: 0 | W41: 15 | X41: 20 | Z41: 15 | AA41: 25 | AB41: 276.35 | AC41: 239.65 | AD41: 30 | AE41: 30 | AF41: 135 | AG41: 7816.5 | AH41: ELIGIBLE | AI41: NOT ELIGIBLE | AJ41: NOT ELIGIBLE | AK41: NOT ELIGIBLE | AL41: 0 | AM41: 7816.5
A42: ramya@nexora.live | B42: E-2207 | C42: Roshni | D42: OJT 2 | E42: 26 | F42: 21 | G42: 3 | H42: 4 | I42: 15.38 | J42: 2 | K42: Referral (HOT): 2, MAIN WEBSITE (HOT): 2 | L42: 0 | M42: 0 | N42: 0 | O42: 0 | P42: 8 | Q42: 0 | R42: 0 | S42: 0 | T42: 2720 | U42: 0.88 | V42: 0 | W42: 15 | X42: 20 | Z42: 15 | AA42: 0 | AB42: 231.65 | AC42: 209.62 | AD42: 30 | AE42: 20 | AF42: 100 | AG42: 2720 | AH42: NOT ELIGIBLE | AI42: NOT ELIGIBLE | AJ42: NOT ELIGIBLE | AK42: NOT ELIGIBLE | AL42: 1 | AM42: 2670
